"rho","n","EstimandScenario","Method","R_total","R_converged","nonconv_rate","true_val","B_hat","Bias","MCSE_Bias","Bias_percent","MSE_estimate","MCSE_MSE","coverage","MCSE_coverage","power","MCSE_power","Empirical_SE","avg_model_SE","ratio_Emp_ModelSE","power_pct","MCSE_power_pct","coverage_pct","MCSE_cov_pct"
"0",12,"Small","CITS",8688,8688,0,-0.0408,-0.0497,-0.0089,0.0015,21.81,0.0189,0.000287633853425227,0.890078268876611,0.0034,0.128337937384899,0.0036,0.1373,0.1252,1.0966,12.83,0.36,89.01,0.34
"0",12,"Small","CITS_0.4_constant",8688,8688,0,-0.0408,-0.0471,-0.0063,0.0021,15.44,0.0377,0.000571101559129518,0.814111418047882,0.0042,0.200161141804788,0.0043,0.194,0.1448,1.3398,20.02,0.43,81.41,0.42
"0",12,"Small","CITS_spill_3pct",8688,8688,0,-0.0408,0.0558,0.0966,0.0015,236.76,0.0283,0.000388774356623073,0.788674033149171,0.0044,0.146178637200737,0.0038,0.1376,0.1252,1.099,14.62,0.38,78.87,0.44
"0",12,"Small","Trd",8688,8688,0,-0.0408,-0.0316,0.0092,0.0041,22.55,0.1496,0.00231339456211875,0.809507366482505,0.0042,0.188651012891344,0.0042,0.3867,0.3052,1.267,18.87,0.42,80.95,0.42
"0",12,"Moderate","CITS",8688,8688,0,-0.3567,-0.3661,-0.0094,0.0015,2.64,0.0187,0.000293498689828884,0.889042357274402,0.0034,0.819636279926335,0.0041,0.1363,0.1255,1.0861,81.96,0.41,88.9,0.34
"0",12,"Moderate","CITS_0.4_constant",8688,8688,0,-0.3567,-0.364,-0.0073,0.0021,2.05,0.037,0.000563442214215786,0.813420810313076,0.0042,0.685197974217311,0.005,0.1923,0.1452,1.3244,68.52,0.5,81.34,0.42
"0",12,"Moderate","CITS_spill_3pct",8688,8688,0,-0.3567,-0.2614,0.0953,0.0015,26.72,0.0274,0.000385401344763366,0.796846224677716,0.0043,0.586210865561694,0.0053,0.1355,0.1256,1.0788,58.62,0.53,79.68,0.43
"0",12,"Moderate","Trd",8688,8688,0,-0.3567,-0.3469,0.0098,0.0042,2.75,0.1517,0.00228744721368105,0.806629834254144,0.0042,0.331031307550645,0.005,0.3894,0.3042,1.2801,33.1,0.5,80.66,0.42
"0",12,"Large","CITS",8688,8688,0,-0.5108,-0.5226,-0.0118,0.0015,2.31,0.0189,0.00029316253381333,0.889732965009208,0.0034,0.973526703499079,0.0017,0.1368,0.1253,1.0918,97.35,0.17,88.97,0.34
"0",12,"Large","CITS_0.4_constant",8688,8688,0,-0.5108,-0.5216,-0.0108,0.0021,2.11,0.0379,0.0005961121479559,0.810313075506446,0.0042,0.891689686924494,0.0033,0.1943,0.1444,1.3456,89.17,0.33,81.03,0.42
"0",12,"Large","CITS_spill_3pct",8688,8688,0,-0.5108,-0.4176,0.0932,0.0015,18.25,0.0274,0.000381677374394687,0.79822744014733,0.0043,0.893991712707182,0.0033,0.1367,0.1257,1.0875,89.4,0.33,79.82,0.43
"0",12,"Large","Trd",8688,8688,0,-0.5108,-0.5074,0.0034,0.0042,0.67,0.1533,0.00236445159616059,0.80421270718232,0.0043,0.456606813996317,0.0053,0.3916,0.3068,1.2764,45.66,0.53,80.42,0.43
"0",14,"Small","CITS",8688,8688,0,-0.0408,-0.0508,-0.01,0.0013,24.51,0.0158,0.000242895772332406,0.89755985267035,0.0033,0.12396408839779,0.0035,0.1252,0.1149,1.0896,12.4,0.35,89.76,0.33
"0",14,"Small","CITS_0.4_constant",8688,8688,0,-0.0408,-0.0498,-0.009,0.0019,22.06,0.0326,0.000503009279262317,0.819290976058932,0.0041,0.19371546961326,0.0042,0.1803,0.1357,1.3287,19.37,0.42,81.93,0.41
"0",14,"Small","CITS_spill_3pct",8688,8688,0,-0.0408,0.0552,0.096,0.0013,235.29,0.0247,0.000342843722672631,0.783954880294659,0.0044,0.148365561694291,0.0038,0.1246,0.1151,1.0825,14.84,0.38,78.4,0.44
"0",14,"Small","Trd",8688,8688,0,-0.0408,-0.042,-0.0012,0.0039,2.94,0.1294,0.001996992272673,0.817334254143646,0.0041,0.181399631675875,0.0041,0.3598,0.2832,1.2705,18.14,0.41,81.73,0.41
"0",14,"Moderate","CITS",8688,8688,0,-0.3567,-0.3654,-0.0087,0.0013,2.44,0.0156,0.000242521637074498,0.894682320441989,0.0033,0.875460405156538,0.0035,0.1245,0.1143,1.0892,87.55,0.35,89.47,0.33
"0",14,"Moderate","CITS_0.4_constant",8688,8688,0,-0.3567,-0.3637,-0.007,0.0019,1.96,0.0315,0.000479713807768433,0.824585635359116,0.0041,0.730317679558011,0.0048,0.1775,0.1351,1.3138,73.03,0.48,82.46,0.41
"0",14,"Moderate","CITS_spill_3pct",8688,8688,0,-0.3567,-0.2596,0.0971,0.0013,27.22,0.0246,0.000333848818824372,0.784645488029466,0.0044,0.642495395948435,0.0051,0.1234,0.1144,1.0787,64.25,0.51,78.46,0.44
"0",14,"Moderate","Trd",8688,8688,0,-0.3567,-0.3453,0.0114,0.0038,3.2,0.1272,0.0019318591931738,0.811579189686924,0.0042,0.340699815837937,0.0051,0.3565,0.2786,1.2796,34.07,0.51,81.16,0.42
"0",14,"Large","CITS",8688,8688,0,-0.5108,-0.5205,-0.0097,0.0013,1.9,0.0156,0.000240668905622667,0.899746777163904,0.0032,0.987338858195212,0.0012,0.1243,0.1156,1.0753,98.73,0.12,89.97,0.32
"0",14,"Large","CITS_0.4_constant",8688,8688,0,-0.5108,-0.5199,-0.0091,0.0019,1.78,0.0312,0.00046246408500019,0.82470073664825,0.0041,0.922651933701657,0.0029,0.1765,0.1357,1.3007,92.27,0.29,82.47,0.41
"0",14,"Large","CITS_spill_3pct",8688,8688,0,-0.5108,-0.4154,0.0954,0.0013,18.68,0.0245,0.000330480180840398,0.790400552486188,0.0044,0.938305709023941,0.0026,0.1243,0.1155,1.0762,93.83,0.26,79.04,0.44
"0",14,"Large","Trd",8688,8688,0,-0.5108,-0.5049,0.0059,0.0039,1.16,0.1306,0.00198987741485332,0.815032228360958,0.0042,0.490791896869245,0.0054,0.3614,0.2833,1.2757,49.08,0.54,81.5,0.42
"0",16,"Small","CITS",8688,8688,0,-0.0408,-0.048,-0.0072,0.0012,17.65,0.0129,0.000197721252374746,0.880064456721915,0.0035,0.145718232044199,0.0038,0.1133,0.1007,1.1251,14.57,0.38,88.01,0.35
"0",16,"Small","CITS_0.4_constant",8688,8688,0,-0.0408,-0.0485,-0.0077,0.0018,18.87,0.0278,0.00042074229802487,0.80732044198895,0.0042,0.206031307550645,0.0043,0.1664,0.1251,1.3301,20.6,0.43,80.73,0.42
"0",16,"Small","CITS_spill_3pct",8688,8688,0,-0.0408,0.057,0.0978,0.0012,239.71,0.0222,0.000295267028446588,0.736187845303867,0.0047,0.169429097605893,0.004,0.1123,0.1008,1.1141,16.94,0.4,73.62,0.47
"0",16,"Small","Trd",8688,8688,0,-0.0408,-0.0305,0.0103,0.0036,25.25,0.1155,0.00175375112544327,0.779120626151013,0.0045,0.221915285451197,0.0045,0.3397,0.2426,1.4002,22.19,0.45,77.91,0.45
"0",16,"Moderate","CITS",8688,8688,0,-0.3567,-0.3612,-0.0045,0.0012,1.26,0.0132,0.000208763455651844,0.875345303867403,0.0035,0.919774401473296,0.0029,0.1149,0.1011,1.1365,91.98,0.29,87.53,0.35
"0",16,"Moderate","CITS_0.4_constant",8688,8688,0,-0.3567,-0.361,-0.0043,0.0018,1.21,0.0278,0.00042209699142215,0.807435543278085,0.0042,0.77048802946593,0.0045,0.1666,0.125,1.3328,77.05,0.45,80.74,0.42
"0",16,"Moderate","CITS_spill_3pct",8688,8688,0,-0.3567,-0.256,0.1007,0.0012,28.23,0.0234,0.000314919727167483,0.733770718232044,0.0047,0.716735727440147,0.0048,0.115,0.1013,1.1352,71.67,0.48,73.38,0.47
"0",16,"Moderate","Trd",8688,8688,0,-0.3567,-0.348,0.0087,0.0037,2.44,0.1192,0.00183687210067376,0.776127992633518,0.0045,0.411717311233886,0.0053,0.3451,0.2434,1.4178,41.17,0.53,77.61,0.45
"0",16,"Large","CITS",8688,8688,0,-0.5108,-0.5219,-0.0111,0.0012,2.17,0.0135,0.000208713857863502,0.872813075506446,0.0036,0.996086556169429,7e-04,0.1157,0.101,1.1455,99.61,0.07,87.28,0.36
"0",16,"Large","CITS_0.4_constant",8688,8688,0,-0.5108,-0.5207,-0.0099,0.0018,1.94,0.0276,0.000422263933333,0.816873848987109,0.0041,0.949470534069982,0.0023,0.1657,0.1251,1.3245,94.95,0.23,81.69,0.41
"0",16,"Large","CITS_spill_3pct",8688,8688,0,-0.5108,-0.4161,0.0947,0.0012,18.54,0.0223,0.000300491648967847,0.741827808471455,0.0047,0.963397790055249,0.002,0.1155,0.1012,1.1413,96.34,0.2,74.18,0.47
"0",16,"Large","Trd",8688,8688,0,-0.5108,-0.4999,0.0109,0.0037,2.13,0.1161,0.00178327705814788,0.780156537753223,0.0044,0.566988950276243,0.0053,0.3406,0.242,1.4074,56.7,0.53,78.02,0.44
"0",18,"Small","CITS",8688,8688,0,-0.0408,-0.0467,-0.0059,0.0011,14.46,0.0114,0.000177532468886376,0.885474217311234,0.0034,0.142495395948435,0.0038,0.1065,0.0948,1.1234,14.25,0.38,88.55,0.34
"0",18,"Small","CITS_0.4_constant",8688,8688,0,-0.0408,-0.0465,-0.0057,0.0017,13.97,0.0245,0.000368005594160779,0.81664364640884,0.0042,0.20384438305709,0.0043,0.1566,0.1189,1.3171,20.38,0.43,81.66,0.42
"0",18,"Small","CITS_spill_3pct",8688,8688,0,-0.0408,0.0586,0.0994,0.0011,243.63,0.0213,0.00028323270887944,0.725828729281768,0.0048,0.178291896869245,0.0041,0.107,0.0948,1.1287,17.83,0.41,72.58,0.48
"0",18,"Small","Trd",8688,8688,0,-0.0408,-0.0358,0.005,0.0034,12.25,0.1019,0.00155626985031963,0.799838858195212,0.0043,0.204304788213628,0.0043,0.3192,0.237,1.3468,20.43,0.43,79.98,0.43
"0",18,"Moderate","CITS",8688,8688,0,-0.3567,-0.3663,-0.0096,0.0011,2.69,0.0113,0.000174701740761855,0.883862799263352,0.0034,0.946593001841621,0.0024,0.1061,0.0952,1.1145,94.66,0.24,88.39,0.34
"0",18,"Moderate","CITS_0.4_constant",8688,8688,0,-0.3567,-0.3667,-0.01,0.0017,2.8,0.0244,0.000371551820482652,0.817909760589319,0.0041,0.809852670349908,0.0042,0.1558,0.1185,1.3148,80.99,0.42,81.79,0.41
"0",18,"Moderate","CITS_spill_3pct",8688,8688,0,-0.3567,-0.2611,0.0956,0.0011,26.8,0.0204,0.000277383440883615,0.74171270718232,0.0047,0.773480662983425,0.0045,0.1063,0.0954,1.1143,77.35,0.45,74.17,0.47
"0",18,"Moderate","Trd",8688,8688,0,-0.3567,-0.3443,0.0124,0.0035,3.48,0.1048,0.00159354379340946,0.786487108655617,0.0044,0.414709944751381,0.0053,0.3235,0.2345,1.3795,41.47,0.53,78.65,0.44
"0",18,"Large","CITS",8688,8688,0,-0.5108,-0.519,-0.0082,0.0012,1.61,0.0116,0.000183774034433185,0.883402394106814,0.0034,0.998273480662983,4e-04,0.1074,0.0949,1.1317,99.83,0.04,88.34,0.34
"0",18,"Large","CITS_0.4_constant",8688,8688,0,-0.5108,-0.5178,-0.007,0.0017,1.37,0.0245,0.000370556395764943,0.821938305709024,0.0041,0.957412523020258,0.0022,0.1563,0.1193,1.3101,95.74,0.22,82.19,0.41
"0",18,"Large","CITS_spill_3pct",8688,8688,0,-0.5108,-0.4135,0.0973,0.0012,19.05,0.021,0.000280240304561887,0.736302946593002,0.0047,0.977900552486188,0.0016,0.1072,0.0951,1.1272,97.79,0.16,73.63,0.47
"0",18,"Large","Trd",8688,8688,0,-0.5108,-0.5004,0.0104,0.0035,2.04,0.1043,0.00159462649285684,0.793508287292818,0.0043,0.575506445672192,0.0053,0.3228,0.2336,1.3818,57.55,0.53,79.35,0.43
"0",20,"Small","CITS",8688,8688,0,-0.0408,-0.0463,-0.0055,0.0011,13.48,0.0097,0.000151727585831597,0.894797421731123,0.0033,0.135128913443831,0.0037,0.0985,0.0901,1.0932,13.51,0.37,89.48,0.33
"0",20,"Small","CITS_0.4_constant",8688,8688,0,-0.0408,-0.047,-0.0062,0.0016,15.2,0.0218,0.00032981303849268,0.833333333333333,0.004,0.187039594843462,0.0042,0.1476,0.1154,1.279,18.7,0.42,83.33,0.4
"0",20,"Small","CITS_spill_3pct",8688,8688,0,-0.0408,0.0592,0.1,0.0011,245.1,0.0198,0.000253119910031228,0.726979742173112,0.0048,0.177025782688766,0.0041,0.0988,0.09,1.0978,17.7,0.41,72.7,0.48
"0",20,"Small","Trd",8688,8688,0,-0.0408,-0.0347,0.0061,0.0033,14.95,0.0937,0.00143586510255339,0.806399631675875,0.0042,0.197398710865562,0.0043,0.3061,0.2292,1.3355,19.74,0.43,80.64,0.42
"0",20,"Moderate","CITS",8688,8688,0,-0.3567,-0.3639,-0.0072,0.0011,2.02,0.0097,0.000147225880367274,0.895027624309392,0.0033,0.966850828729282,0.0019,0.0982,0.0902,1.0887,96.69,0.19,89.5,0.33
"0",20,"Moderate","CITS_0.4_constant",8688,8688,0,-0.3567,-0.3645,-0.0078,0.0016,2.19,0.0214,0.000320064632927663,0.831376611418048,0.004,0.833793738489871,0.004,0.1462,0.1141,1.2813,83.38,0.4,83.14,0.4
"0",20,"Moderate","CITS_spill_3pct",8688,8688,0,-0.3567,-0.2587,0.098,0.0011,27.47,0.0193,0.000250497655410474,0.735151933701657,0.0047,0.798572744014733,0.0043,0.0987,0.0904,1.0918,79.86,0.43,73.52,0.47
"0",20,"Moderate","Trd",8688,8688,0,-0.3567,-0.3481,0.0086,0.0032,2.41,0.091,0.00138377781059065,0.80939226519337,0.0042,0.426104972375691,0.0053,0.3015,0.2265,1.3311,42.61,0.53,80.94,0.42
"0",20,"Large","CITS",8688,8688,0,-0.5108,-0.5171,-0.0063,0.0011,1.23,0.01,0.000153540973052585,0.898020257826888,0.0032,0.999424493554328,3e-04,0.0999,0.0904,1.1051,99.94,0.03,89.8,0.32
"0",20,"Large","CITS_0.4_constant",8688,8688,0,-0.5108,-0.5204,-0.0096,0.0016,1.88,0.0219,0.000331838984404554,0.831837016574586,0.004,0.972605893186004,0.0018,0.1478,0.1145,1.2908,97.26,0.18,83.18,0.4
"0",20,"Large","CITS_spill_3pct",8688,8688,0,-0.5108,-0.4121,0.0987,0.0011,19.32,0.0199,0.000255599377408719,0.722951197053407,0.0048,0.988029465930018,0.0012,0.1008,0.0906,1.1126,98.8,0.12,72.3,0.48
"0",20,"Large","Trd",8688,8688,0,-0.5108,-0.4974,0.0134,0.0033,2.62,0.0941,0.00143400531513437,0.807895948434622,0.0042,0.593232044198895,0.0053,0.3064,0.2286,1.3403,59.32,0.53,80.79,0.42
"0",24,"Small","CITS",8688,8688,0,-0.0408,-0.0461,-0.0053,0.001,12.99,0.0079,0.000122095677701202,0.905386740331492,0.0031,0.129949355432781,0.0036,0.0887,0.0823,1.0778,12.99,0.36,90.54,0.31
"0",24,"Small","CITS_0.4_constant",8688,8688,0,-0.0408,-0.0458,-0.005,0.0014,12.25,0.0178,0.000274646354444286,0.852209944751381,0.0038,0.167587476979742,0.004,0.1334,0.1066,1.2514,16.76,0.4,85.22,0.38
"0",24,"Small","CITS_spill_3pct",8688,8688,0,-0.0408,0.0594,0.1002,0.001,245.59,0.0179,0.000219836264094908,0.70073664825046,0.0049,0.170004604051565,0.004,0.0886,0.0822,1.0779,17,0.4,70.07,0.49
"0",24,"Small","Trd",8688,8688,0,-0.0408,-0.031,0.0098,0.003,24.02,0.077,0.00118934666666394,0.830455801104972,0.004,0.171500920810313,0.004,0.2774,0.2185,1.2696,17.15,0.4,83.05,0.4
"0",24,"Moderate","CITS",8688,8688,0,-0.3567,-0.3641,-0.0074,0.001,2.07,0.008,0.000122408649626288,0.902854511970534,0.0032,0.984806629834254,0.0013,0.089,0.0822,1.0827,98.48,0.13,90.29,0.32
"0",24,"Moderate","CITS_0.4_constant",8688,8688,0,-0.3567,-0.364,-0.0073,0.0014,2.05,0.0182,0.000275058074604655,0.844152854511971,0.0039,0.868439226519337,0.0036,0.1349,0.107,1.2607,86.84,0.36,84.42,0.39
"0",24,"Moderate","CITS_spill_3pct",8688,8688,0,-0.3567,-0.2584,0.0983,0.001,27.56,0.0176,0.000221211173870481,0.708908839779006,0.0049,0.864180478821363,0.0037,0.0893,0.0824,1.0837,86.42,0.37,70.89,0.49
"0",24,"Moderate","Trd",8688,8688,0,-0.3567,-0.3467,0.01,0.003,2.8,0.0778,0.00118052742722575,0.829419889502762,0.004,0.431054327808471,0.0053,0.2787,0.2175,1.2814,43.11,0.53,82.94,0.4
"0",24,"Large","CITS",8688,8688,0,-0.5108,-0.5169,-0.0061,0.001,1.19,0.0082,0.000128469352759264,0.899976979742173,0.0032,0.999884898710866,1e-04,0.0904,0.0829,1.0905,99.99,0.01,90,0.32
"0",24,"Large","CITS_0.4_constant",8688,8688,0,-0.5108,-0.5168,-0.006,0.0014,1.17,0.0182,0.000284875287661733,0.841735727440147,0.0039,0.98572744014733,0.0013,0.1349,0.1072,1.2584,98.57,0.13,84.17,0.39
"0",24,"Large","CITS_spill_3pct",8688,8688,0,-0.5108,-0.4115,0.0993,0.001,19.44,0.018,0.00022409767455643,0.708103130755064,0.0049,0.996086556169429,7e-04,0.0903,0.0829,1.0893,99.61,0.07,70.81,0.49
"0",24,"Large","Trd",8688,8688,0,-0.5108,-0.5043,0.0065,0.003,1.27,0.0785,0.00120449820352552,0.828268876611418,0.004,0.630524861878453,0.0052,0.2801,0.2159,1.2974,63.05,0.52,82.83,0.4
"0",28,"Small","CITS",8688,8688,0,-0.0408,-0.0456,-0.0048,9e-04,11.76,0.0066,9.96682932191431e-05,0.911602209944751,0.003,0.130524861878453,0.0036,0.0809,0.0759,1.0659,13.05,0.36,91.16,0.3
"0",28,"Small","CITS_0.4_constant",8688,8688,0,-0.0408,-0.0463,-0.0055,0.0013,13.48,0.015,0.000229261683774335,0.859346224677716,0.0037,0.159415285451197,0.0039,0.1224,0.1,1.224,15.94,0.39,85.93,0.37
"0",28,"Small","CITS_spill_3pct",8688,8688,0,-0.0408,0.0598,0.1006,9e-04,246.57,0.0166,0.000197886350568647,0.683586556169429,0.005,0.175529465930018,0.0041,0.0805,0.076,1.0592,17.55,0.41,68.36,0.5
"0",28,"Small","Trd",8688,8688,0,-0.0408,-0.0343,0.0065,0.0029,15.93,0.0729,0.00108043080121552,0.837822283609576,0.004,0.164019337016575,0.004,0.2699,0.2169,1.2444,16.4,0.4,83.78,0.4
"0",28,"Moderate","CITS",8688,8688,0,-0.3567,-0.3632,-0.0065,9e-04,1.82,0.0068,0.00010539734461726,0.911717311233886,0.003,0.99378453038674,8e-04,0.082,0.0771,1.0636,99.38,0.08,91.17,0.3
"0",28,"Moderate","CITS_0.4_constant",8688,8688,0,-0.3567,-0.3639,-0.0072,0.0013,2.02,0.0152,0.000236298580262116,0.862338858195212,0.0037,0.914364640883978,0.003,0.1232,0.1007,1.2234,91.44,0.3,86.23,0.37
"0",28,"Moderate","CITS_spill_3pct",8688,8688,0,-0.3567,-0.2577,0.099,9e-04,27.75,0.0165,0.00019766065956569,0.691528545119705,0.005,0.903084714548803,0.0032,0.0817,0.077,1.061,90.31,0.32,69.15,0.5
"0",28,"Moderate","Trd",8688,8688,0,-0.3567,-0.3437,0.013,0.0029,3.64,0.0739,0.00116736150656274,0.833563535911602,0.004,0.419774401473296,0.0053,0.2716,0.2164,1.2551,41.98,0.53,83.36,0.4
"0",28,"Large","CITS",8688,8688,0,-0.5108,-0.5182,-0.0074,9e-04,1.45,0.0069,0.000109665620719299,0.909990791896869,0.0031,1,0,0.0825,0.0767,1.0756,100,0,91,0.31
"0",28,"Large","CITS_0.4_constant",8688,8688,0,-0.5108,-0.5204,-0.0096,0.0013,1.88,0.0153,0.00023362201654698,0.858425414364641,0.0037,0.993324125230203,9e-04,0.1234,0.1004,1.2291,99.33,0.09,85.84,0.37
"0",28,"Large","CITS_spill_3pct",8688,8688,0,-0.5108,-0.4125,0.0983,9e-04,19.24,0.0165,0.00019480672832985,0.693255064456722,0.0049,0.999309392265193,3e-04,0.0825,0.077,1.0714,99.93,0.03,69.33,0.49
"0",28,"Large","Trd",8688,8688,0,-0.5108,-0.5006,0.0102,0.003,2,0.0761,0.0011762179919899,0.828153775322284,0.004,0.630755064456722,0.0052,0.2756,0.2158,1.2771,63.08,0.52,82.82,0.4
"0",32,"Small","CITS",8688,8688,0,-0.0408,-0.0444,-0.0036,8e-04,8.82,0.0056,8.55151044420204e-05,0.918853591160221,0.0029,0.12914364640884,0.0036,0.0747,0.0711,1.0506,12.91,0.36,91.89,0.29
"0",32,"Small","CITS_0.4_constant",8688,8688,0,-0.0408,-0.0446,-0.0038,0.0012,9.31,0.013,0.000197324257703339,0.871662062615101,0.0036,0.154696132596685,0.0039,0.1139,0.0944,1.2066,15.47,0.39,87.17,0.36
"0",32,"Small","CITS_spill_3pct",8688,8688,0,-0.0408,0.0614,0.1022,8e-04,250.49,0.0161,0.000184246805269127,0.653084714548803,0.0051,0.182205340699816,0.0041,0.0754,0.0712,1.059,18.22,0.41,65.31,0.51
"0",32,"Small","Trd",8688,8688,0,-0.0408,-0.0281,0.0127,0.0028,31.13,0.0668,0.00102510620872136,0.851058931860037,0.0038,0.151012891344383,0.0038,0.2583,0.2117,1.2201,15.1,0.38,85.11,0.38
"0",32,"Moderate","CITS",8688,8688,0,-0.3567,-0.3644,-0.0077,8e-04,2.16,0.006,9.28564699873498e-05,0.915630755064457,0.003,0.996662062615101,6e-04,0.077,0.0715,1.0769,99.67,0.06,91.56,0.3
"0",32,"Moderate","CITS_0.4_constant",8688,8688,0,-0.3567,-0.3657,-0.009,0.0012,2.52,0.0136,0.000206163036162113,0.86176335174954,0.0037,0.938075506445672,0.0026,0.1163,0.0945,1.2307,93.81,0.26,86.18,0.37
"0",32,"Moderate","CITS_spill_3pct",8688,8688,0,-0.3567,-0.2588,0.0979,8e-04,27.45,0.0155,0.000182500443299936,0.672767034990792,0.005,0.938190607734807,0.0026,0.0767,0.0716,1.0712,93.82,0.26,67.28,0.5
"0",32,"Moderate","Trd",8688,8688,0,-0.3567,-0.3457,0.011,0.0028,3.08,0.0691,0.00107213601418297,0.834484346224678,0.004,0.4375,0.0053,0.2627,0.2094,1.2545,43.75,0.53,83.45,0.4
"0",32,"Large","CITS",8688,8688,0,-0.5108,-0.5168,-0.006,8e-04,1.17,0.0061,9.21180201963051e-05,0.906422651933702,0.0031,1,0,0.0776,0.0717,1.0823,100,0,90.64,0.31
"0",32,"Large","CITS_0.4_constant",8688,8688,0,-0.5108,-0.517,-0.0062,0.0013,1.21,0.0138,0.000205355577186384,0.858310313075506,0.0037,0.997582872928177,5e-04,0.1174,0.0948,1.2384,99.76,0.05,85.83,0.37
"0",32,"Large","CITS_spill_3pct",8688,8688,0,-0.5108,-0.412,0.0988,8e-04,19.34,0.0159,0.000186428399312346,0.661947513812155,0.0051,0.999769797421731,2e-04,0.0783,0.0718,1.0905,99.98,0.02,66.19,0.51
"0",32,"Large","Trd",8688,8688,0,-0.5108,-0.5007,0.0101,0.0028,1.98,0.068,0.00105374312114258,0.841045119705341,0.0039,0.652969613259669,0.0051,0.2606,0.2091,1.2463,65.3,0.51,84.1,0.39
"0",36,"Small","CITS",8688,8688,0,-0.0408,-0.045,-0.0042,8e-04,10.29,0.0051,7.90252584804583e-05,0.916551565377532,0.003,0.136855432780847,0.0037,0.0715,0.0671,1.0656,13.69,0.37,91.66,0.3
"0",36,"Small","CITS_0.4_constant",8688,8688,0,-0.0408,-0.0448,-0.004,0.0012,9.8,0.0116,0.000175359410395145,0.870741252302026,0.0036,0.160220994475138,0.0039,0.1078,0.089,1.2112,16.02,0.39,87.07,0.36
"0",36,"Small","CITS_spill_3pct",8688,8688,0,-0.0408,0.0603,0.1011,8e-04,247.79,0.0153,0.000172256976832856,0.628798342541437,0.0052,0.194866482504604,0.0042,0.0715,0.0672,1.064,19.49,0.42,62.88,0.52
"0",36,"Small","Trd",8688,8688,0,-0.0408,-0.0376,0.0032,0.0026,7.84,0.0605,0.000941936533884446,0.864755985267035,0.0037,0.136395027624309,0.0037,0.246,0.2079,1.1833,13.64,0.37,86.48,0.37
"0",36,"Moderate","CITS",8688,8688,0,-0.3567,-0.3627,-0.006,8e-04,1.68,0.0052,7.90119436784562e-05,0.918278084714549,0.0029,0.999194290976059,3e-04,0.0716,0.0672,1.0655,99.92,0.03,91.83,0.29
"0",36,"Moderate","CITS_0.4_constant",8688,8688,0,-0.3567,-0.3646,-0.0079,0.0012,2.21,0.0119,0.000179349254208017,0.872007366482505,0.0036,0.954419889502762,0.0022,0.1088,0.0897,1.2129,95.44,0.22,87.2,0.36
"0",36,"Moderate","CITS_spill_3pct",8688,8688,0,-0.3567,-0.2575,0.0992,8e-04,27.81,0.0149,0.000167199182913892,0.640193370165746,0.0051,0.959254143646409,0.0021,0.0713,0.0674,1.0579,95.93,0.21,64.02,0.51
"0",36,"Moderate","Trd",8688,8688,0,-0.3567,-0.3503,0.0064,0.0027,1.79,0.0617,0.000925872419650661,0.858425414364641,0.0037,0.443255064456722,0.0053,0.2484,0.2082,1.1931,44.33,0.53,85.84,0.37
"0",36,"Large","CITS",8688,8688,0,-0.5108,-0.518,-0.0072,8e-04,1.41,0.0052,7.84822555864033e-05,0.920234806629834,0.0029,1,0,0.0716,0.0676,1.0592,100,0,92.02,0.29
"0",36,"Large","CITS_0.4_constant",8688,8688,0,-0.5108,-0.5192,-0.0084,0.0012,1.64,0.0122,0.000187774613336119,0.870971454880295,0.0036,0.998733885819521,4e-04,0.1101,0.0901,1.222,99.87,0.04,87.1,0.36
"0",36,"Large","CITS_spill_3pct",8688,8688,0,-0.5108,-0.412,0.0988,8e-04,19.34,0.0149,0.000170269560042355,0.641804788213628,0.0051,1,0,0.0717,0.0676,1.0607,100,0,64.18,0.51
"0",36,"Large","Trd",8688,8688,0,-0.5108,-0.5041,0.0067,0.0027,1.31,0.0625,0.000936818027900245,0.861533149171271,0.0037,0.665285451197053,0.0051,0.25,0.207,1.2077,66.53,0.51,86.15,0.37
"0",40,"Small","CITS",8688,8688,0,-0.0408,-0.0453,-0.0045,7e-04,11.03,0.0045,6.79720472839203e-05,0.923687845303867,0.0028,0.139157458563536,0.0037,0.0668,0.0637,1.0487,13.92,0.37,92.37,0.28
"0",40,"Small","CITS_0.4_constant",8688,8688,0,-0.0408,-0.0455,-0.0047,0.0011,11.52,0.0107,0.000163119567817261,0.875115101289134,0.0035,0.161141804788214,0.0039,0.1034,0.085,1.2165,16.11,0.39,87.51,0.35
"0",40,"Small","CITS_spill_3pct",8688,8688,0,-0.0408,0.0601,0.1009,7e-04,247.3,0.0146,0.000156435619731878,0.607965009208103,0.0052,0.201081952117864,0.0043,0.0668,0.0637,1.0487,20.11,0.43,60.8,0.52
"0",40,"Small","Trd",8688,8688,0,-0.0408,-0.038,0.0028,0.0026,6.86,0.0589,0.000905770012640408,0.869705340699816,0.0036,0.132021178637201,0.0036,0.2426,0.2058,1.1788,13.2,0.36,86.97,0.36
"0",40,"Moderate","CITS",8688,8688,0,-0.3567,-0.3611,-0.0044,7e-04,1.23,0.0046,7.06311638411078e-05,0.920580110497238,0.0029,0.999654696132597,2e-04,0.0678,0.0637,1.0644,99.97,0.02,92.06,0.29
"0",40,"Moderate","CITS_0.4_constant",8688,8688,0,-0.3567,-0.3631,-0.0064,0.0011,1.79,0.0109,0.000165330951754863,0.873618784530387,0.0036,0.966965930018416,0.0019,0.1041,0.0855,1.2175,96.7,0.19,87.36,0.36
"0",40,"Moderate","CITS_spill_3pct",8688,8688,0,-0.3567,-0.2559,0.1008,7e-04,28.26,0.0148,0.000160506040180873,0.606238489871087,0.0052,0.971800184162063,0.0018,0.0679,0.0636,1.0676,97.18,0.18,60.62,0.52
"0",40,"Moderate","Trd",8688,8688,0,-0.3567,-0.3543,0.0024,0.0026,0.67,0.0586,0.000897578452777351,0.87292817679558,0.0036,0.452002762430939,0.0053,0.242,0.2053,1.1788,45.2,0.53,87.29,0.36
"0",40,"Large","CITS",8688,8688,0,-0.5108,-0.5177,-0.0069,7e-04,1.35,0.0046,7.08020724141305e-05,0.922421731123389,0.0029,1,0,0.0672,0.0641,1.0484,100,0,92.24,0.29
"0",40,"Large","CITS_0.4_constant",8688,8688,0,-0.5108,-0.5206,-0.0098,0.0011,1.92,0.0106,0.0001637461376941,0.878683241252302,0.0035,0.999769797421731,2e-04,0.1024,0.0857,1.1949,99.98,0.02,87.87,0.35
"0",40,"Large","CITS_spill_3pct",8688,8688,0,-0.5108,-0.4127,0.0981,7e-04,19.21,0.0141,0.000155504569174045,0.625920810313076,0.0052,1,0,0.067,0.0641,1.0452,100,0,62.59,0.52
"0",40,"Large","Trd",8688,8688,0,-0.5108,-0.5113,-5e-04,0.0026,0.1,0.0579,0.000890441577083737,0.871086556169429,0.0036,0.681744935543278,0.005,0.2407,0.2048,1.1753,68.17,0.5,87.11,0.36
"0",44,"Small","CITS",8688,8688,0,-0.0408,-0.0444,-0.0036,7e-04,8.82,0.0041,6.32381965304371e-05,0.926104972375691,0.0028,0.14030847145488,0.0037,0.0639,0.0605,1.0562,14.03,0.37,92.61,0.28
"0",44,"Small","CITS_0.4_constant",8688,8688,0,-0.0408,-0.0454,-0.0046,0.0011,11.27,0.0099,0.00014794035883979,0.870050644567219,0.0036,0.163789134438306,0.004,0.0993,0.0814,1.2199,16.38,0.4,87.01,0.36
"0",44,"Small","CITS_spill_3pct",8688,8688,0,-0.0408,0.0612,0.102,7e-04,250,0.0145,0.000151956566660824,0.577348066298343,0.0053,0.207757826887661,0.0044,0.064,0.0606,1.0561,20.78,0.44,57.73,0.53
"0",44,"Small","Trd",8688,8688,0,-0.0408,-0.0361,0.0047,0.0025,11.52,0.0523,0.000788106953773578,0.873503683241252,0.0036,0.130064456721915,0.0036,0.2287,0.1966,1.1633,13.01,0.36,87.35,0.36
"0",44,"Moderate","CITS",8688,8688,0,-0.3567,-0.3613,-0.0046,7e-04,1.29,0.0041,6.13699296490239e-05,0.92322744014733,0.0029,0.999884898710866,1e-04,0.0635,0.0607,1.0461,99.99,0.01,92.32,0.29
"0",44,"Moderate","CITS_0.4_constant",8688,8688,0,-0.3567,-0.3635,-0.0068,0.001,1.91,0.0095,0.000142661330458722,0.880870165745856,0.0035,0.979972375690608,0.0015,0.0973,0.0817,1.1909,98,0.15,88.09,0.35
"0",44,"Moderate","CITS_spill_3pct",8688,8688,0,-0.3567,-0.2556,0.1011,7e-04,28.34,0.0142,0.000149531408532113,0.587592081031308,0.0053,0.981813996316759,0.0014,0.0631,0.0608,1.0378,98.18,0.14,58.76,0.53
"0",44,"Moderate","Trd",8688,8688,0,-0.3567,-0.3499,0.0068,0.0024,1.91,0.0501,0.000768709594170391,0.88017955801105,0.0035,0.469037753222836,0.0054,0.2237,0.1963,1.1396,46.9,0.54,88.02,0.35
"0",44,"Large","CITS",8688,8688,0,-0.5108,-0.5165,-0.0057,7e-04,1.12,0.0042,6.37138153323493e-05,0.923457642725598,0.0029,1,0,0.0643,0.0612,1.0507,100,0,92.35,0.29
"0",44,"Large","CITS_0.4_constant",8688,8688,0,-0.5108,-0.5188,-0.008,0.0011,1.57,0.0099,0.000147859211788452,0.874424493554328,0.0036,1,0,0.099,0.0818,1.2103,100,0,87.44,0.36
"0",44,"Large","CITS_spill_3pct",8688,8688,0,-0.5108,-0.4115,0.0993,7e-04,19.44,0.014,0.000150773677434564,0.601979742173112,0.0053,1,0,0.0644,0.0614,1.0489,100,0,60.2,0.53
"0",44,"Large","Trd",8688,8688,0,-0.5108,-0.509,0.0018,0.0025,0.35,0.0527,0.000806873585104323,0.86982044198895,0.0036,0.718001841620626,0.0048,0.2295,0.1953,1.1751,71.8,0.48,86.98,0.36
"0",48,"Small","CITS",8688,8688,0,-0.0408,-0.0439,-0.0031,7e-04,7.6,0.0038,5.83576714569772e-05,0.923112338858195,0.0029,0.14755985267035,0.0038,0.0614,0.0579,1.0604,14.76,0.38,92.31,0.29
"0",48,"Small","CITS_0.4_constant",8688,8688,0,-0.0408,-0.0442,-0.0034,0.001,8.33,0.009,0.000132893581279254,0.874769797421731,0.0036,0.162638121546961,0.004,0.0949,0.0785,1.2089,16.26,0.4,87.48,0.36
"0",48,"Small","CITS_spill_3pct",8688,8688,0,-0.0408,0.0617,0.1025,7e-04,251.23,0.0143,0.000145513201363369,0.54408379373849,0.0053,0.222951197053407,0.0045,0.0614,0.0579,1.0604,22.3,0.45,54.41,0.53
"0",48,"Small","Trd",8688,8688,0,-0.0408,-0.0402,6e-04,0.0024,1.47,0.0498,0.000748503278165544,0.870971454880295,0.0036,0.133172191528545,0.0036,0.2233,0.1895,1.1784,13.32,0.36,87.1,0.36
"0",48,"Moderate","CITS",8688,8688,0,-0.3567,-0.3617,-0.005,7e-04,1.4,0.0038,5.72550755722832e-05,0.922306629834254,0.0029,1,0,0.0614,0.0583,1.0532,100,0,92.23,0.29
"0",48,"Moderate","CITS_0.4_constant",8688,8688,0,-0.3567,-0.3632,-0.0065,0.001,1.82,0.009,0.000136971136701137,0.880985267034991,0.0035,0.985497237569061,0.0013,0.0944,0.0786,1.201,98.55,0.13,88.1,0.35
"0",48,"Moderate","CITS_spill_3pct",8688,8688,0,-0.3567,-0.2567,0.1,7e-04,28.03,0.0138,0.000144348602378596,0.574010128913444,0.0053,0.988489871086556,0.0011,0.0613,0.0584,1.0497,98.85,0.11,57.4,0.53
"0",48,"Moderate","Trd",8688,8688,0,-0.3567,-0.3553,0.0014,0.0023,0.39,0.0479,0.000737162023373599,0.876611418047882,0.0035,0.494244935543278,0.0054,0.2189,0.1896,1.1545,49.42,0.54,87.66,0.35
"0",48,"Large","CITS",8688,8688,0,-0.5108,-0.5174,-0.0066,7e-04,1.29,0.0038,5.70993326840298e-05,0.925759668508287,0.0028,1,0,0.0612,0.0584,1.0479,100,0,92.58,0.28
"0",48,"Large","CITS_0.4_constant",8688,8688,0,-0.5108,-0.5197,-0.0089,0.001,1.74,0.0088,0.000133538063214643,0.885704419889503,0.0034,0.999884898710866,1e-04,0.0934,0.079,1.1823,99.99,0.01,88.57,0.34
"0",48,"Large","CITS_spill_3pct",8688,8688,0,-0.5108,-0.412,0.0988,7e-04,19.34,0.0135,0.000140495224689313,0.58609576427256,0.0053,1,0,0.0609,0.0584,1.0428,100,0,58.61,0.53
"0",48,"Large","Trd",8688,8688,0,-0.5108,-0.5088,0.002,0.0023,0.39,0.0473,0.000723698087340083,0.880755064456722,0.0035,0.744360036832412,0.0047,0.2175,0.1886,1.1532,74.44,0.47,88.08,0.35
"0",52,"Small","CITS",8688,8688,0,-0.0408,-0.0441,-0.0033,6e-04,8.09,0.0033,5.10828943734346e-05,0.926104972375691,0.0028,0.144682320441989,0.0038,0.0578,0.0556,1.0396,14.47,0.38,92.61,0.28
"0",52,"Small","CITS_0.4_constant",8688,8688,0,-0.0408,-0.0453,-0.0045,0.001,11.03,0.0081,0.000123350289986465,0.886855432780847,0.0034,0.156422651933702,0.0039,0.09,0.0757,1.1889,15.64,0.39,88.69,0.34
"0",52,"Small","CITS_spill_3pct",8688,8688,0,-0.0408,0.0613,0.1021,6e-04,250.25,0.0138,0.000137104208695179,0.531192449355433,0.0054,0.225023020257827,0.0045,0.058,0.0558,1.0394,22.5,0.45,53.12,0.54
"0",52,"Small","Trd",8688,8688,0,-0.0408,-0.0397,0.0011,0.0023,2.7,0.0461,0.000696406961839045,0.888812154696133,0.0034,0.116827808471455,0.0034,0.2147,0.1914,1.1217,11.68,0.34,88.88,0.34
"0",52,"Moderate","CITS",8688,8688,0,-0.3567,-0.361,-0.0043,6e-04,1.21,0.0034,5.19176189194756e-05,0.929097605893186,0.0028,1,0,0.0581,0.0559,1.0394,100,0,92.91,0.28
"0",52,"Moderate","CITS_0.4_constant",8688,8688,0,-0.3567,-0.3643,-0.0076,0.001,2.13,0.0082,0.000124687577679482,0.885013812154696,0.0034,0.991252302025783,0.001,0.0902,0.0759,1.1884,99.13,0.1,88.5,0.34
"0",52,"Moderate","CITS_spill_3pct",8688,8688,0,-0.3567,-0.2557,0.101,6e-04,28.32,0.0135,0.000133005990686608,0.540860957642726,0.0053,0.995395948434622,7e-04,0.0573,0.0559,1.025,99.54,0.07,54.09,0.53
"0",52,"Moderate","Trd",8688,8688,0,-0.3567,-0.3543,0.0024,0.0023,0.67,0.0464,0.000713677213992603,0.886625230202578,0.0034,0.497122467771639,0.0054,0.2154,0.1882,1.1445,49.71,0.54,88.66,0.34
"0",52,"Large","CITS",8688,8688,0,-0.5108,-0.5177,-0.0069,6e-04,1.35,0.0035,5.37408487972071e-05,0.923918047882136,0.0028,1,0,0.0588,0.0562,1.0463,100,0,92.39,0.28
"0",52,"Large","CITS_0.4_constant",8688,8688,0,-0.5108,-0.5198,-0.009,0.001,1.76,0.0085,0.000130375003944653,0.877762430939227,0.0035,1,0,0.0916,0.076,1.2053,100,0,87.78,0.35
"0",52,"Large","CITS_spill_3pct",8688,8688,0,-0.5108,-0.4122,0.0986,6e-04,19.3,0.0132,0.00013389283105543,0.556975138121547,0.0053,1,0,0.0587,0.0563,1.0426,100,0,55.7,0.53
"0",52,"Large","Trd",8688,8688,0,-0.5108,-0.5074,0.0034,0.0023,0.67,0.0467,0.000708094872583296,0.883402394106814,0.0034,0.738835174953959,0.0047,0.2161,0.189,1.1434,73.88,0.47,88.34,0.34
"0",56,"Small","CITS",8688,8688,0,-0.0408,-0.0437,-0.0029,6e-04,7.11,0.0031,4.75257420078692e-05,0.932895948434622,0.0027,0.150092081031308,0.0038,0.0555,0.0536,1.0354,15.01,0.38,93.29,0.27
"0",56,"Small","CITS_0.4_constant",8688,8688,0,-0.0408,-0.0433,-0.0025,9e-04,6.13,0.0076,0.000115834760095482,0.885013812154696,0.0034,0.154581031307551,0.0039,0.0874,0.073,1.1973,15.46,0.39,88.5,0.34
"0",56,"Small","CITS_spill_3pct",8688,8688,0,-0.0408,0.0615,0.1023,6e-04,250.74,0.0136,0.000128484229946337,0.497813075506446,0.0054,0.242863720073665,0.0046,0.0555,0.0536,1.0354,24.29,0.46,49.78,0.54
"0",56,"Small","Trd",8688,8688,0,-0.0408,-0.0386,0.0022,0.0022,5.39,0.0438,0.000664884420001175,0.884783609576427,0.0034,0.124654696132597,0.0035,0.2092,0.1835,1.1401,12.47,0.35,88.48,0.34
"0",56,"Moderate","CITS",8688,8688,0,-0.3567,-0.3624,-0.0057,6e-04,1.6,0.0032,4.83183950888872e-05,0.925989871086556,0.0028,1,0,0.0567,0.0539,1.0519,100,0,92.6,0.28
"0",56,"Moderate","CITS_0.4_constant",8688,8688,0,-0.3567,-0.3648,-0.0081,9e-04,2.27,0.0075,0.000114207190259835,0.889042357274402,0.0034,0.994244935543278,8e-04,0.0862,0.0731,1.1792,99.42,0.08,88.9,0.34
"0",56,"Moderate","CITS_spill_3pct",8688,8688,0,-0.3567,-0.2569,0.0998,6e-04,27.98,0.0132,0.000129583908089757,0.524746777163904,0.0054,0.996546961325967,6e-04,0.0565,0.0539,1.0482,99.65,0.06,52.47,0.54
"0",56,"Moderate","Trd",8688,8688,0,-0.3567,-0.3556,0.0011,0.0023,0.31,0.0444,0.000680635504530165,0.885128913443831,0.0034,0.508977900552486,0.0054,0.2106,0.184,1.1446,50.9,0.54,88.51,0.34
"0",56,"Large","CITS",8688,8688,0,-0.5108,-0.5173,-0.0065,6e-04,1.27,0.0032,4.86679660720794e-05,0.928752302025783,0.0028,1,0,0.0561,0.054,1.0389,100,0,92.88,0.28
"0",56,"Large","CITS_0.4_constant",8688,8688,0,-0.5108,-0.5201,-0.0093,9e-04,1.82,0.0077,0.000116256224160079,0.882941988950276,0.0034,1,0,0.0875,0.0734,1.1921,100,0,88.29,0.34
"0",56,"Large","CITS_spill_3pct",8688,8688,0,-0.5108,-0.4117,0.0991,6e-04,19.4,0.013,0.000128708470568817,0.530271639042357,0.0054,1,0,0.0561,0.054,1.0389,100,0,53.03,0.54
"0",56,"Large","Trd",8688,8688,0,-0.5108,-0.511,-2e-04,0.0022,0.04,0.0436,0.000677943733360768,0.889042357274402,0.0034,0.768301104972376,0.0045,0.2088,0.1839,1.1354,76.83,0.45,88.9,0.34
"0",60,"Small","CITS",8688,8688,0,-0.0408,-0.0442,-0.0034,6e-04,8.33,0.0029,4.32107969638665e-05,0.931514732965009,0.0027,0.152163904235727,0.0039,0.0535,0.0519,1.0308,15.22,0.39,93.15,0.27
"0",60,"Small","CITS_0.4_constant",8688,8688,0,-0.0408,-0.0444,-0.0036,9e-04,8.82,0.0069,0.000105421289565681,0.890999079189687,0.0033,0.153890423572744,0.0039,0.0829,0.0711,1.166,15.39,0.39,89.1,0.33
"0",60,"Small","CITS_spill_3pct",8688,8688,0,-0.0408,0.0612,0.102,6e-04,250,0.0133,0.000125354569769308,0.48365561694291,0.0054,0.251151012891344,0.0047,0.0533,0.0518,1.029,25.12,0.47,48.37,0.54
"0",60,"Small","Trd",8688,8688,0,-0.0408,-0.0404,4e-04,0.0021,0.98,0.04,0.000616513230511306,0.894221915285451,0.0033,0.109806629834254,0.0034,0.2001,0.1791,1.1173,10.98,0.34,89.42,0.33
"0",60,"Moderate","CITS",8688,8688,0,-0.3567,-0.3611,-0.0044,6e-04,1.23,0.0029,4.50979738578961e-05,0.927255985267035,0.0028,1,0,0.0541,0.052,1.0404,100,0,92.73,0.28
"0",60,"Moderate","CITS_0.4_constant",8688,8688,0,-0.3567,-0.3636,-0.0069,9e-04,1.93,0.0072,0.000112101283632237,0.886740331491713,0.0034,0.994705340699816,8e-04,0.0845,0.071,1.1901,99.47,0.08,88.67,0.34
"0",60,"Moderate","CITS_spill_3pct",8688,8688,0,-0.3567,-0.2558,0.1009,6e-04,28.29,0.0131,0.000125379337674248,0.488374769797422,0.0054,0.997697974217311,5e-04,0.0545,0.0521,1.0461,99.77,0.05,48.84,0.54
"0",60,"Moderate","Trd",8688,8688,0,-0.3567,-0.353,0.0037,0.0021,1.04,0.0401,0.000615769448496204,0.893531307550645,0.0033,0.527624309392265,0.0054,0.2002,0.1792,1.1172,52.76,0.54,89.35,0.33
"0",60,"Large","CITS",8688,8688,0,-0.5108,-0.5167,-0.0059,6e-04,1.16,0.0029,4.433280523343e-05,0.930824125230203,0.0027,1,0,0.0536,0.0522,1.0268,100,0,93.08,0.27
"0",60,"Large","CITS_0.4_constant",8688,8688,0,-0.5108,-0.521,-0.0102,9e-04,2,0.0072,0.000108725950085801,0.88432320441989,0.0034,1,0,0.0844,0.0712,1.1854,100,0,88.43,0.34
"0",60,"Large","CITS_spill_3pct",8688,8688,0,-0.5108,-0.4114,0.0994,6e-04,19.46,0.0128,0.000122434480515201,0.507711786372007,0.0054,1,0,0.0538,0.0523,1.0287,100,0,50.77,0.54
"0",60,"Large","Trd",8688,8688,0,-0.5108,-0.5071,0.0037,0.0021,0.72,0.0395,0.000623186094148404,0.898941068139963,0.0032,0.782573664825046,0.0044,0.1988,0.1789,1.1112,78.26,0.44,89.89,0.32
"0",80,"Small","CITS",8688,8688,0,-0.0408,-0.0428,-0.002,5e-04,4.9,0.0022,3.26975514092625e-05,0.932090239410681,0.0027,0.178406998158379,0.0041,0.0465,0.0449,1.0356,17.84,0.41,93.21,0.27
"0",80,"Small","CITS_0.4_constant",8688,8688,0,-0.0408,-0.0446,-0.0038,8e-04,9.31,0.0054,8.05609716429616e-05,0.8923802946593,0.0033,0.172306629834254,0.0041,0.0733,0.0618,1.1861,17.23,0.41,89.24,0.33
"0",80,"Small","CITS_spill_3pct",8688,8688,0,-0.0408,0.0622,0.103,5e-04,252.45,0.0128,0.000108729386417611,0.371546961325967,0.0052,0.302255985267035,0.0049,0.0465,0.045,1.0333,30.23,0.49,37.15,0.52
"0",80,"Small","Trd",8688,8688,0,-0.0408,-0.0404,4e-04,0.0019,0.98,0.03,0.000460177712458547,0.907228360957643,0.0031,0.10140423572744,0.0032,0.1733,0.1588,1.0913,10.14,0.32,90.72,0.31
"0",80,"Moderate","CITS",8688,8688,0,-0.3567,-0.3604,-0.0037,5e-04,1.04,0.0022,3.28565807890783e-05,0.93232044198895,0.0027,1,0,0.0465,0.0451,1.031,100,0,93.23,0.27
"0",80,"Moderate","CITS_0.4_constant",8688,8688,0,-0.3567,-0.3623,-0.0056,8e-04,1.57,0.0054,8.13780087243482e-05,0.890193370165746,0.0034,0.999539594843462,2e-04,0.073,0.0619,1.1793,99.95,0.02,89.02,0.34
"0",80,"Moderate","CITS_spill_3pct",8688,8688,0,-0.3567,-0.2554,0.1013,5e-04,28.4,0.0125,0.000106486361753073,0.387315837937385,0.0052,0.999769797421731,2e-04,0.0468,0.0451,1.0377,99.98,0.02,38.73,0.52
"0",80,"Moderate","Trd",8688,8688,0,-0.3567,-0.3522,0.0045,0.0018,1.26,0.0287,0.000434656809511386,0.914019337016575,0.003,0.604051565377532,0.0052,0.1695,0.158,1.0728,60.41,0.52,91.4,0.3
"0",80,"Large","CITS",8688,8688,0,-0.5108,-0.5164,-0.0056,5e-04,1.1,0.0022,3.38304688183836e-05,0.936809392265193,0.0026,1,0,0.0466,0.0453,1.0287,100,0,93.68,0.26
"0",80,"Large","CITS_0.4_constant",8688,8688,0,-0.5108,-0.5192,-0.0084,8e-04,1.64,0.0053,7.91070911967792e-05,0.894682320441989,0.0033,1,0,0.0725,0.0621,1.1675,100,0,89.47,0.33
"0",80,"Large","CITS_spill_3pct",8688,8688,0,-0.5108,-0.4109,0.0999,5e-04,19.56,0.0122,0.000104792490382411,0.395257826887661,0.0052,1,0,0.0466,0.0454,1.0264,100,0,39.53,0.52
"0",80,"Large","Trd",8688,8688,0,-0.5108,-0.5106,2e-04,0.0018,0.04,0.0296,0.000436427362701475,0.911256906077348,0.0031,0.873733885819521,0.0036,0.1722,0.1583,1.0878,87.37,0.36,91.13,0.31
"0",100,"Small","CITS",8688,8688,0,-0.0408,-0.0436,-0.0028,4e-04,6.86,0.0017,2.61445417331509e-05,0.928982504604052,0.0028,0.220303867403315,0.0044,0.0415,0.0398,1.0427,22.03,0.44,92.9,0.28
"0",100,"Small","CITS_0.4_constant",8688,8688,0,-0.0408,-0.0446,-0.0038,7e-04,9.31,0.0043,6.44824044135059e-05,0.899861878453039,0.0032,0.176335174953959,0.0041,0.0654,0.0567,1.1534,17.63,0.41,89.99,0.32
"0",100,"Small","CITS_spill_3pct",8688,8688,0,-0.0408,0.0614,0.1022,4e-04,250.49,0.0122,9.32920128063816e-05,0.274746777163904,0.0048,0.358770718232044,0.0051,0.0413,0.0398,1.0377,35.88,0.51,27.47,0.48
"0",100,"Small","Trd",8688,8688,0,-0.0408,-0.0426,-0.0018,0.0016,4.41,0.0222,0.000332840357098992,0.911487108655617,0.003,0.0992173112338858,0.0032,0.149,0.1386,1.075,9.92,0.32,91.15,0.3
"0",100,"Moderate","CITS",8688,8688,0,-0.3567,-0.3606,-0.0039,4e-04,1.09,0.0017,2.53442539039047e-05,0.935543278084715,0.0026,1,0,0.041,0.0401,1.0224,100,0,93.55,0.26
"0",100,"Moderate","CITS_0.4_constant",8688,8688,0,-0.3567,-0.3636,-0.0069,7e-04,1.93,0.0044,6.65187776575584e-05,0.897905156537753,0.0032,0.999884898710866,1e-04,0.0658,0.0569,1.1564,99.99,0.01,89.79,0.32
"0",100,"Moderate","CITS_spill_3pct",8688,8688,0,-0.3567,-0.2553,0.1014,4e-04,28.43,0.012,9.22954936993033e-05,0.285681399631676,0.0048,1,0,0.041,0.0401,1.0224,100,0,28.57,0.48
"0",100,"Moderate","Trd",8688,8688,0,-0.3567,-0.3544,0.0023,0.0016,0.64,0.0224,0.000348550130445514,0.91286832412523,0.003,0.723987108655617,0.0048,0.1497,0.1386,1.0801,72.4,0.48,91.29,0.3
"0",100,"Large","CITS",8688,8688,0,-0.5108,-0.5159,-0.0051,4e-04,1,0.0018,2.6798762210468e-05,0.932435543278085,0.0027,1,0,0.0417,0.0402,1.0373,100,0,93.24,0.27
"0",100,"Large","CITS_0.4_constant",8688,8688,0,-0.5108,-0.5187,-0.0079,7e-04,1.55,0.0042,6.42678781477348e-05,0.902048802946593,0.0032,1,0,0.0646,0.0569,1.1353,100,0,90.2,0.32
"0",100,"Large","CITS_spill_3pct",8688,8688,0,-0.5108,-0.4112,0.0996,4e-04,19.5,0.0116,9.35294978685158e-05,0.309967771639042,0.005,1,0,0.0416,0.0403,1.0323,100,0,31,0.5
"0",100,"Large","Trd",8688,8688,0,-0.5108,-0.5126,-0.0018,0.0016,0.35,0.0231,0.000345544326852717,0.907113259668508,0.0031,0.93439226519337,0.0027,0.1518,0.1388,1.0937,93.44,0.27,90.71,0.31
"0",150,"Small","CITS",8688,8688,0,-0.0408,-0.0441,-0.0033,4e-04,8.09,0.0012,1.77513084898846e-05,0.933241252302026,0.0027,0.285911602209945,0.0048,0.0338,0.0328,1.0305,28.59,0.48,93.32,0.27
"0",150,"Small","CITS_0.4_constant",8688,8688,0,-0.0408,-0.0462,-0.0054,6e-04,13.24,0.0028,4.29698409052873e-05,0.907458563535912,0.0031,0.205225598526703,0.0043,0.053,0.0469,1.1301,20.52,0.43,90.75,0.31
"0",150,"Small","CITS_spill_3pct",8688,8688,0,-0.0408,0.0613,0.1021,4e-04,250.25,0.0116,7.55451156552063e-05,0.135589318600368,0.0037,0.469267955801105,0.0054,0.0336,0.0328,1.0244,46.93,0.54,13.56,0.37
"0",150,"Small","Trd",8688,8688,0,-0.0408,-0.038,0.0028,0.0013,6.86,0.0141,0.00021409907650905,0.92529926335175,0.0028,0.0892034990791897,0.0031,0.1187,0.1127,1.0532,8.92,0.31,92.53,0.28
"0",150,"Moderate","CITS",8688,8688,0,-0.3567,-0.3619,-0.0052,4e-04,1.46,0.0012,1.76457693253021e-05,0.9375,0.0026,1,0,0.0335,0.033,1.0152,100,0,93.75,0.26
"0",150,"Moderate","CITS_0.4_constant",8688,8688,0,-0.3567,-0.3647,-0.008,6e-04,2.24,0.0029,4.39586358225743e-05,0.908264272559853,0.0031,1,0,0.0531,0.047,1.1298,100,0,90.83,0.31
"0",150,"Moderate","CITS_spill_3pct",8688,8688,0,-0.3567,-0.2567,0.1,4e-04,28.03,0.0111,7.32626611418003e-05,0.150092081031308,0.0038,1,0,0.0334,0.033,1.0121,100,0,15.01,0.38
"0",150,"Moderate","Trd",8688,8688,0,-0.3567,-0.3574,-7e-04,0.0013,0.2,0.0142,0.000214631006919247,0.922651933701657,0.0029,0.871431860036832,0.0036,0.1191,0.1127,1.0568,87.14,0.36,92.27,0.29
"0",150,"Large","CITS",8688,8688,0,-0.5108,-0.5156,-0.0048,4e-04,0.94,0.0012,1.83599537420836e-05,0.936924493554328,0.0026,1,0,0.0341,0.0332,1.0271,100,0,93.69,0.26
"0",150,"Large","CITS_0.4_constant",8688,8688,0,-0.5108,-0.5201,-0.0093,6e-04,1.82,0.0029,4.42512800755339e-05,0.908264272559853,0.0031,1,0,0.0531,0.0473,1.1226,100,0,90.83,0.31
"0",150,"Large","CITS_spill_3pct",8688,8688,0,-0.5108,-0.4106,0.1002,4e-04,19.62,0.0112,7.52038914495057e-05,0.156077348066298,0.0039,1,0,0.0341,0.0333,1.024,100,0,15.61,0.39
"0",150,"Large","Trd",8688,8688,0,-0.5108,-0.5097,0.0011,0.0013,0.22,0.0141,0.000212536490161262,0.927716390423573,0.0028,0.990446593001842,0.001,0.1189,0.1137,1.0457,99.04,0.1,92.77,0.28
"0.2",12,"Small","CITS",8688,8688,0,-0.0408,-0.0494,-0.0086,0.0017,21.08,0.0257,0.000398209527189914,0.845073664825046,0.0039,0.169313996316759,0.004,0.1601,0.1307,1.2249,16.93,0.4,84.51,0.39
"0.2",12,"Small","CITS_0.4_constant",8688,8688,0,-0.0408,-0.0511,-0.0103,0.0021,25.25,0.0368,0.000561166031492725,0.794313996316759,0.0043,0.219498158379374,0.0044,0.1917,0.1377,1.3922,21.95,0.44,79.43,0.43
"0.2",12,"Small","CITS_spill_3pct",8688,8688,0,-0.0408,0.0552,0.096,0.0017,235.29,0.0349,0.00050324584102376,0.768761510128913,0.0045,0.181860036832413,0.0041,0.1605,0.1309,1.2261,18.19,0.41,76.88,0.45
"0.2",12,"Small","Trd",8688,8688,0,-0.0408,-0.0322,0.0086,0.0045,21.08,0.1769,0.00272640889868766,0.770372928176796,0.0045,0.230778084714549,0.0045,0.4205,0.3023,1.391,23.08,0.45,77.04,0.45
"0.2",12,"Moderate","CITS",8688,8688,0,-0.3567,-0.3658,-0.0091,0.0017,2.55,0.0255,0.000387603071811024,0.845879373848987,0.0039,0.777969613259669,0.0045,0.1596,0.1291,1.2363,77.8,0.45,84.59,0.39
"0.2",12,"Moderate","CITS_0.4_constant",8688,8688,0,-0.3567,-0.366,-0.0093,0.002,2.61,0.0354,0.00054648367204959,0.798802946593002,0.0043,0.729281767955801,0.0048,0.188,0.1367,1.3753,72.93,0.48,79.88,0.43
"0.2",12,"Moderate","CITS_spill_3pct",8688,8688,0,-0.3567,-0.2603,0.0964,0.0017,27.03,0.0349,0.000495673068168567,0.759553406998158,0.0046,0.566068139963168,0.0053,0.16,0.129,1.2403,56.61,0.53,75.96,0.46
"0.2",12,"Moderate","Trd",8688,8688,0,-0.3567,-0.3474,0.0093,0.0045,2.61,0.1758,0.00260310670907814,0.773710865561694,0.0045,0.357044198895028,0.0051,0.4192,0.3051,1.374,35.7,0.51,77.37,0.45
"0.2",12,"Large","CITS",8688,8688,0,-0.5108,-0.5249,-0.0141,0.0018,2.76,0.0269,0.000424711980728249,0.842886740331492,0.0039,0.946938305709024,0.0024,0.1633,0.1313,1.2437,94.69,0.24,84.29,0.39
"0.2",12,"Large","CITS_0.4_constant",8688,8688,0,-0.5108,-0.5244,-0.0136,0.002,2.66,0.0367,0.000573231938598494,0.796731123388582,0.0043,0.906077348066298,0.0031,0.1911,0.1389,1.3758,90.61,0.31,79.67,0.43
"0.2",12,"Large","CITS_spill_3pct",8688,8688,0,-0.5108,-0.4192,0.0916,0.0017,17.93,0.0347,0.000504679604606445,0.776933701657459,0.0045,0.84518876611418,0.0039,0.1623,0.1311,1.238,84.52,0.39,77.69,0.45
"0.2",12,"Large","Trd",8688,8688,0,-0.5108,-0.5011,0.0097,0.0045,1.9,0.1775,0.00266119548434128,0.776127992633518,0.0045,0.459484346224678,0.0053,0.4212,0.308,1.3675,45.95,0.53,77.61,0.45
"0.2",14,"Small","CITS",8688,8688,0,-0.0408,-0.0467,-0.0059,0.0016,14.46,0.0216,0.000324768026528341,0.849562615101289,0.0038,0.163098526703499,0.004,0.1469,0.1211,1.213,16.31,0.4,84.96,0.38
"0.2",14,"Small","CITS_0.4_constant",8688,8688,0,-0.0408,-0.048,-0.0072,0.0019,17.65,0.0308,0.000475746059251483,0.807550644567219,0.0042,0.207182320441989,0.0043,0.1753,0.1288,1.361,20.72,0.43,80.76,0.42
"0.2",14,"Small","CITS_spill_3pct",8688,8688,0,-0.0408,0.0588,0.0996,0.0016,244.12,0.0311,0.000432672350429809,0.754719152854512,0.0046,0.182780847145488,0.0041,0.1455,0.1212,1.2005,18.28,0.41,75.47,0.46
"0.2",14,"Small","Trd",8688,8688,0,-0.0408,-0.0336,0.0072,0.0042,17.65,0.1542,0.00238783783849897,0.779696132596685,0.0044,0.22122467771639,0.0045,0.3927,0.2814,1.3955,22.12,0.45,77.97,0.44
"0.2",14,"Moderate","CITS",8688,8688,0,-0.3567,-0.3672,-0.0105,0.0016,2.94,0.0218,0.000338342779725964,0.856468692449355,0.0038,0.822744014732965,0.0041,0.1473,0.1204,1.2234,82.27,0.41,85.65,0.38
"0.2",14,"Moderate","CITS_0.4_constant",8688,8688,0,-0.3567,-0.3675,-0.0108,0.0019,3.03,0.0312,0.000482332085991734,0.807205340699816,0.0042,0.766689686924494,0.0045,0.1762,0.1287,1.3691,76.67,0.45,80.72,0.42
"0.2",14,"Moderate","CITS_spill_3pct",8688,8688,0,-0.3567,-0.2621,0.0946,0.0016,26.52,0.0306,0.000441060776381686,0.764848066298343,0.0045,0.614295580110497,0.0052,0.1473,0.1203,1.2244,61.43,0.52,76.48,0.45
"0.2",14,"Moderate","Trd",8688,8688,0,-0.3567,-0.3488,0.0079,0.0043,2.21,0.1571,0.00238273652745648,0.774286372007366,0.0045,0.369475138121547,0.0052,0.3963,0.2825,1.4028,36.95,0.52,77.43,0.45
"0.2",14,"Large","CITS",8688,8688,0,-0.5108,-0.5249,-0.0141,0.0016,2.76,0.0217,0.000338510908346511,0.8576197053407,0.0037,0.970418968692449,0.0018,0.1468,0.121,1.2132,97.04,0.18,85.76,0.37
"0.2",14,"Large","CITS_0.4_constant",8688,8688,0,-0.5108,-0.5254,-0.0146,0.0019,2.86,0.0308,0.000477426758989149,0.810543278084715,0.0042,0.939111418047882,0.0026,0.1749,0.129,1.3558,93.91,0.26,81.05,0.42
"0.2",14,"Large","CITS_spill_3pct",8688,8688,0,-0.5108,-0.4197,0.0911,0.0016,17.83,0.0297,0.000416747753240558,0.77152394106814,0.0045,0.896063535911602,0.0033,0.1463,0.1212,1.2071,89.61,0.33,77.15,0.45
"0.2",14,"Large","Trd",8688,8688,0,-0.5108,-0.4939,0.0169,0.0042,3.31,0.155,0.00236246345891029,0.784990791896869,0.0044,0.476634438305709,0.0054,0.3933,0.286,1.3752,47.66,0.54,78.5,0.44
"0.2",16,"Small","CITS",8688,8688,0,-0.0408,-0.0485,-0.0077,0.0015,18.87,0.0186,0.000286327713671725,0.840699815837937,0.0039,0.179673112338858,0.0041,0.1361,0.11,1.2373,17.97,0.41,84.07,0.39
"0.2",16,"Small","CITS_0.4_constant",8688,8688,0,-0.0408,-0.0478,-0.007,0.0018,17.16,0.0269,0.000404905224099249,0.802255985267035,0.0043,0.215930018416206,0.0044,0.1638,0.1201,1.3639,21.59,0.44,80.23,0.43
"0.2",16,"Small","CITS_spill_3pct",8688,8688,0,-0.0408,0.0572,0.098,0.0015,240.2,0.0281,0.000391857622348319,0.729396869244936,0.0048,0.19970073664825,0.0043,0.1361,0.1101,1.2361,19.97,0.43,72.94,0.48
"0.2",16,"Small","Trd",8688,8688,0,-0.0408,-0.0278,0.013,0.004,31.86,0.141,0.00213603377906877,0.750920810313076,0.0046,0.251611418047882,0.0047,0.3753,0.249,1.5072,25.16,0.47,75.09,0.46
"0.2",16,"Moderate","CITS",8688,8688,0,-0.3567,-0.3669,-0.0102,0.0015,2.86,0.0188,0.000300023246926791,0.839088397790055,0.0039,0.875,0.0035,0.1368,0.1091,1.2539,87.5,0.35,83.91,0.39
"0.2",16,"Moderate","CITS_0.4_constant",8688,8688,0,-0.3567,-0.3678,-0.0111,0.0017,3.11,0.0266,0.000413282015073473,0.802716390423573,0.0043,0.805709023941068,0.0042,0.1628,0.1201,1.3555,80.57,0.42,80.27,0.43
"0.2",16,"Moderate","CITS_spill_3pct",8688,8688,0,-0.3567,-0.2619,0.0948,0.0015,26.58,0.0275,0.000386610207465307,0.735151933701657,0.0047,0.669774401473296,0.005,0.1362,0.1092,1.2473,66.98,0.5,73.52,0.47
"0.2",16,"Moderate","Trd",8688,8688,0,-0.3567,-0.3491,0.0076,0.004,2.13,0.1423,0.00215188726193861,0.74067679558011,0.0047,0.429673112338858,0.0053,0.3771,0.2456,1.5354,42.97,0.53,74.07,0.47
"0.2",16,"Large","CITS",8688,8688,0,-0.5108,-0.518,-0.0072,0.0015,1.41,0.0184,0.000281368376869118,0.841965930018416,0.0039,0.98158379373849,0.0014,0.1353,0.1089,1.2424,98.16,0.14,84.2,0.39
"0.2",16,"Large","CITS_0.4_constant",8688,8688,0,-0.5108,-0.5182,-0.0074,0.0017,1.45,0.0264,0.000403451158874811,0.797997237569061,0.0043,0.953038674033149,0.0023,0.1623,0.1191,1.3627,95.3,0.23,79.8,0.43
"0.2",16,"Large","CITS_spill_3pct",8688,8688,0,-0.5108,-0.4131,0.0977,0.0015,19.13,0.0281,0.000393818840087132,0.727670349907919,0.0048,0.926104972375691,0.0028,0.1361,0.1086,1.2532,92.61,0.28,72.77,0.48
"0.2",16,"Large","Trd",8688,8688,0,-0.5108,-0.5041,0.0067,0.004,1.31,0.1388,0.0020793807937566,0.746662062615101,0.0047,0.555363720073665,0.0053,0.3726,0.2472,1.5073,55.54,0.53,74.67,0.47
"0.2",18,"Small","CITS",8688,8688,0,-0.0408,-0.0474,-0.0066,0.0014,16.18,0.0161,0.000250926857841996,0.852209944751381,0.0038,0.170234806629834,0.004,0.1266,0.1037,1.2208,17.02,0.4,85.22,0.38
"0.2",18,"Small","CITS_0.4_constant",8688,8688,0,-0.0408,-0.05,-0.0092,0.0016,22.55,0.0228,0.00035427451171298,0.818255064456722,0.0041,0.198089318600368,0.0043,0.1507,0.1142,1.3196,19.81,0.43,81.83,0.41
"0.2",18,"Small","CITS_spill_3pct",8688,8688,0,-0.0408,0.0579,0.0987,0.0014,241.91,0.0258,0.000352072555307084,0.72433241252302,0.0048,0.197859116022099,0.0043,0.1268,0.1037,1.2228,19.79,0.43,72.43,0.48
"0.2",18,"Small","Trd",8688,8688,0,-0.0408,-0.0306,0.0102,0.0038,25,0.1243,0.00188627556035781,0.772674953959484,0.0045,0.23054788213628,0.0045,0.3525,0.2434,1.4482,23.05,0.45,77.27,0.45
"0.2",18,"Moderate","CITS",8688,8688,0,-0.3567,-0.3644,-0.0077,0.0014,2.16,0.0164,0.000246892905711497,0.847605893186004,0.0039,0.89445211786372,0.0033,0.1277,0.104,1.2279,89.45,0.33,84.76,0.39
"0.2",18,"Moderate","CITS_0.4_constant",8688,8688,0,-0.3567,-0.3643,-0.0076,0.0016,2.13,0.0232,0.000348882664680972,0.814917127071823,0.0042,0.828153775322284,0.004,0.1522,0.1146,1.3281,82.82,0.4,81.49,0.42
"0.2",18,"Moderate","CITS_spill_3pct",8688,8688,0,-0.3567,-0.2591,0.0976,0.0014,27.36,0.0258,0.000350879985830813,0.727785451197053,0.0048,0.689686924493554,0.005,0.1277,0.1041,1.2267,68.97,0.5,72.78,0.48
"0.2",18,"Moderate","Trd",8688,8688,0,-0.3567,-0.3462,0.0105,0.0038,2.94,0.1285,0.00192710988464861,0.763697053406998,0.0046,0.412062615101289,0.0053,0.3583,0.2447,1.4642,41.21,0.53,76.37,0.46
"0.2",18,"Large","CITS",8688,8688,0,-0.5108,-0.5223,-0.0115,0.0013,2.25,0.0159,0.000249819437475953,0.852785451197053,0.0038,0.990331491712707,0.001,0.1255,0.1035,1.2126,99.03,0.1,85.28,0.38
"0.2",18,"Large","CITS_0.4_constant",8688,8688,0,-0.5108,-0.5221,-0.0113,0.0016,2.21,0.0228,0.000346911113360193,0.816413443830571,0.0042,0.971915285451197,0.0018,0.1506,0.1146,1.3141,97.19,0.18,81.64,0.42
"0.2",18,"Large","CITS_spill_3pct",8688,8688,0,-0.5108,-0.4165,0.0943,0.0014,18.46,0.0247,0.00034703497020016,0.741827808471455,0.0047,0.952693370165746,0.0023,0.1259,0.1038,1.2129,95.27,0.23,74.18,0.47
"0.2",18,"Large","Trd",8688,8688,0,-0.5108,-0.5017,0.0091,0.0038,1.78,0.1288,0.00194020758121082,0.761049723756906,0.0046,0.559162062615101,0.0053,0.3588,0.2433,1.4747,55.92,0.53,76.1,0.46
"0.2",20,"Small","CITS",8688,8688,0,-0.0408,-0.0478,-0.007,0.0013,17.16,0.0139,0.000211699194195866,0.860842541436464,0.0037,0.169659300184162,0.004,0.1179,0.0986,1.1957,16.97,0.4,86.08,0.37
"0.2",20,"Small","CITS_0.4_constant",8688,8688,0,-0.0408,-0.0495,-0.0087,0.0015,21.32,0.0203,0.000309970528799225,0.822053406998158,0.0041,0.198549723756906,0.0043,0.1423,0.109,1.3055,19.85,0.43,82.21,0.41
"0.2",20,"Small","CITS_spill_3pct",8688,8688,0,-0.0408,0.0571,0.0979,0.0013,239.95,0.0234,0.000320861983843741,0.733540515653775,0.0047,0.184967771639042,0.0042,0.1174,0.0986,1.1907,18.5,0.42,73.35,0.47
"0.2",20,"Small","Trd",8688,8688,0,-0.0408,-0.0329,0.0079,0.0036,19.36,0.1142,0.00172425978889115,0.780732044198895,0.0044,0.220418968692449,0.0044,0.3378,0.2383,1.4175,22.04,0.44,78.07,0.44
"0.2",20,"Moderate","CITS",8688,8688,0,-0.3567,-0.3653,-0.0086,0.0013,2.41,0.014,0.000214067321328457,0.864295580110497,0.0037,0.924493554327808,0.0028,0.1178,0.0989,1.1911,92.45,0.28,86.43,0.37
"0.2",20,"Moderate","CITS_0.4_constant",8688,8688,0,-0.3567,-0.364,-0.0073,0.0015,2.05,0.0204,0.000308482634495079,0.826081952117864,0.0041,0.853821362799263,0.0038,0.1427,0.1094,1.3044,85.38,0.38,82.61,0.41
"0.2",20,"Moderate","CITS_spill_3pct",8688,8688,0,-0.3567,-0.2607,0.096,0.0013,26.91,0.0231,0.00031580099208162,0.732159300184162,0.0048,0.729166666666667,0.0048,0.118,0.0992,1.1895,72.92,0.48,73.22,0.48
"0.2",20,"Moderate","Trd",8688,8688,0,-0.3567,-0.3457,0.011,0.0037,3.08,0.1215,0.00184182414747983,0.766804788213628,0.0045,0.416666666666667,0.0053,0.3484,0.2378,1.4651,41.67,0.53,76.68,0.45
"0.2",20,"Large","CITS",8688,8688,0,-0.5108,-0.5193,-0.0085,0.0013,1.66,0.0141,0.000219431102670098,0.863604972375691,0.0037,0.994590239410681,8e-04,0.1183,0.0992,1.1925,99.46,0.08,86.36,0.37
"0.2",20,"Large","CITS_0.4_constant",8688,8688,0,-0.5108,-0.5202,-0.0094,0.0015,1.84,0.0209,0.00031904532561588,0.821362799263352,0.0041,0.979627071823204,0.0015,0.1441,0.11,1.31,97.96,0.15,82.14,0.41
"0.2",20,"Large","CITS_spill_3pct",8688,8688,0,-0.5108,-0.4138,0.097,0.0013,18.99,0.0235,0.000322794577461418,0.729972375690608,0.0048,0.962937384898711,0.002,0.1185,0.0994,1.1922,96.29,0.2,73,0.48
"0.2",20,"Large","Trd",8688,8688,0,-0.5108,-0.5047,0.0061,0.0037,1.19,0.1173,0.00176771414397505,0.773710865561694,0.0045,0.569521178637201,0.0053,0.3425,0.2387,1.4349,56.95,0.53,77.37,0.45
"0.2",24,"Small","CITS",8688,8688,0,-0.0408,-0.0477,-0.0069,0.0012,16.91,0.0116,0.000177543743362731,0.86878453038674,0.0036,0.164825046040516,0.004,0.1076,0.0906,1.1876,16.48,0.4,86.88,0.36
"0.2",24,"Small","CITS_0.4_constant",8688,8688,0,-0.0408,-0.0483,-0.0075,0.0014,18.38,0.0166,0.000258077560760913,0.843462246777164,0.0039,0.180824125230203,0.0041,0.1286,0.1015,1.267,18.08,0.41,84.35,0.39
"0.2",24,"Small","CITS_spill_3pct",8688,8688,0,-0.0408,0.0578,0.0986,0.0012,241.67,0.0213,0.000280523283499476,0.715699815837937,0.0048,0.19164364640884,0.0042,0.1076,0.0907,1.1863,19.16,0.42,71.57,0.48
"0.2",24,"Small","Trd",8688,8688,0,-0.0408,-0.0234,0.0174,0.0034,42.65,0.1,0.00151586494361323,0.795004604051565,0.0043,0.204074585635359,0.0043,0.3157,0.2309,1.3673,20.41,0.43,79.5,0.43
"0.2",24,"Moderate","CITS",8688,8688,0,-0.3567,-0.3627,-0.006,0.0011,1.68,0.0114,0.00017569570700674,0.873848987108656,0.0036,0.95798802946593,0.0022,0.1064,0.0911,1.1679,95.8,0.22,87.38,0.36
"0.2",24,"Moderate","CITS_0.4_constant",8688,8688,0,-0.3567,-0.3627,-0.006,0.0014,1.68,0.0167,0.000253173869968185,0.840354511970534,0.0039,0.896754143646409,0.0033,0.1291,0.1016,1.2707,89.68,0.33,84.04,0.39
"0.2",24,"Moderate","CITS_spill_3pct",8688,8688,0,-0.3567,-0.2575,0.0992,0.0011,27.81,0.0213,0.000281807522756184,0.711441068139963,0.0049,0.778314917127072,0.0045,0.107,0.0912,1.1732,77.83,0.45,71.14,0.49
"0.2",24,"Moderate","Trd",8688,8688,0,-0.3567,-0.3471,0.0096,0.0034,2.69,0.0986,0.00155693284697923,0.801450276243094,0.0043,0.420349907918969,0.0053,0.3139,0.2293,1.3689,42.03,0.53,80.15,0.43
"0.2",24,"Large","CITS",8688,8688,0,-0.5108,-0.517,-0.0062,0.0011,1.21,0.0111,0.000169020622416718,0.876841620626151,0.0035,0.998733885819521,4e-04,0.105,0.0908,1.1564,99.87,0.04,87.68,0.35
"0.2",24,"Large","CITS_0.4_constant",8688,8688,0,-0.5108,-0.5182,-0.0074,0.0014,1.45,0.0165,0.000250308882786737,0.845649171270718,0.0039,0.991252302025783,0.001,0.1281,0.1017,1.2596,99.13,0.1,84.56,0.39
"0.2",24,"Large","CITS_spill_3pct",8688,8688,0,-0.5108,-0.4122,0.0986,0.0011,19.3,0.0208,0.000274299651337092,0.723756906077348,0.0048,0.982849907918969,0.0014,0.1052,0.091,1.156,98.28,0.14,72.38,0.48
"0.2",24,"Large","Trd",8688,8688,0,-0.5108,-0.4995,0.0113,0.0034,2.21,0.1022,0.00156471784725463,0.790630755064457,0.0044,0.587592081031308,0.0053,0.3196,0.228,1.4018,58.76,0.53,79.06,0.44
"0.2",28,"Small","CITS",8688,8688,0,-0.0408,-0.0456,-0.0048,0.001,11.76,0.0093,0.000142586071079406,0.884093001841621,0.0034,0.14755985267035,0.0038,0.0965,0.0838,1.1516,14.76,0.38,88.41,0.34
"0.2",28,"Small","CITS_0.4_constant",8688,8688,0,-0.0408,-0.047,-0.0062,0.0013,15.2,0.0141,0.000213400911746472,0.84622467771639,0.0039,0.174378453038674,0.0041,0.1185,0.0943,1.2566,17.44,0.41,84.62,0.39
"0.2",28,"Small","CITS_spill_3pct",8688,8688,0,-0.0408,0.059,0.0998,0.001,244.61,0.0192,0.000247037170918657,0.708103130755064,0.0049,0.182665745856354,0.0041,0.0962,0.0839,1.1466,18.27,0.41,70.81,0.49
"0.2",28,"Small","Trd",8688,8688,0,-0.0408,-0.0274,0.0134,0.0033,32.84,0.0935,0.00142930554792933,0.817564456721915,0.0041,0.184277163904236,0.0042,0.3056,0.2306,1.3252,18.43,0.42,81.76,0.41
"0.2",28,"Moderate","CITS",8688,8688,0,-0.3567,-0.3624,-0.0057,0.001,1.6,0.0094,0.000144016874228122,0.884093001841621,0.0034,0.976289134438306,0.0016,0.097,0.0837,1.1589,97.63,0.16,88.41,0.34
"0.2",28,"Moderate","CITS_0.4_constant",8688,8688,0,-0.3567,-0.3629,-0.0062,0.0013,1.74,0.0142,0.000216811098496045,0.848526703499079,0.0038,0.928867403314917,0.0028,0.119,0.0942,1.2633,92.89,0.28,84.85,0.38
"0.2",28,"Moderate","CITS_spill_3pct",8688,8688,0,-0.3567,-0.2571,0.0996,0.001,27.92,0.0193,0.000246379704933852,0.706721915285451,0.0049,0.834599447513812,0.004,0.0967,0.0838,1.1539,83.46,0.4,70.67,0.49
"0.2",28,"Moderate","Trd",8688,8688,0,-0.3567,-0.349,0.0077,0.0032,2.16,0.0902,0.00135913596637331,0.813996316758748,0.0042,0.409875690607735,0.0053,0.3003,0.2294,1.3091,40.99,0.53,81.4,0.42
"0.2",28,"Large","CITS",8688,8688,0,-0.5108,-0.5183,-0.0075,0.0011,1.47,0.0097,0.000150858280325827,0.881675874769797,0.0035,1,0,0.0981,0.0844,1.1623,100,0,88.17,0.35
"0.2",28,"Large","CITS_0.4_constant",8688,8688,0,-0.5108,-0.5207,-0.0099,0.0013,1.94,0.0142,0.000218448167253434,0.850713627992634,0.0038,0.996546961325967,6e-04,0.1188,0.0951,1.2492,99.65,0.06,85.07,0.38
"0.2",28,"Large","CITS_spill_3pct",8688,8688,0,-0.5108,-0.4134,0.0974,0.0011,19.07,0.0191,0.000247309160105373,0.708448434622468,0.0049,0.992403314917127,9e-04,0.0982,0.0844,1.1635,99.24,0.09,70.84,0.49
"0.2",28,"Large","Trd",8688,8688,0,-0.5108,-0.4961,0.0147,0.0033,2.88,0.0934,0.00141091190946709,0.810543278084715,0.0042,0.591505524861878,0.0053,0.3053,0.2279,1.3396,59.15,0.53,81.05,0.42
"0.2",32,"Small","CITS",8688,8688,0,-0.0408,-0.0477,-0.0069,0.001,16.91,0.0081,0.000125772674429318,0.897214548802947,0.0033,0.147674953959484,0.0038,0.0897,0.0791,1.134,14.77,0.38,89.72,0.33
"0.2",32,"Small","CITS_0.4_constant",8688,8688,0,-0.0408,-0.0474,-0.0066,0.0012,16.18,0.0121,0.000181664882470323,0.866482504604052,0.0036,0.166896869244936,0.004,0.1098,0.0894,1.2282,16.69,0.4,86.65,0.36
"0.2",32,"Small","CITS_spill_3pct",8688,8688,0,-0.0408,0.0578,0.0986,0.001,241.67,0.0178,0.000225453107151682,0.693255064456722,0.0049,0.180593922651934,0.0041,0.09,0.079,1.1392,18.06,0.41,69.33,0.49
"0.2",32,"Small","Trd",8688,8688,0,-0.0408,-0.034,0.0068,0.0032,16.67,0.0864,0.00134378840045676,0.817104051565378,0.0041,0.181399631675875,0.0041,0.2939,0.224,1.3121,18.14,0.41,81.71,0.41
"0.2",32,"Moderate","CITS",8688,8688,0,-0.3567,-0.3632,-0.0065,0.001,1.82,0.0082,0.000124999417779156,0.887315837937385,0.0034,0.985497237569061,0.0013,0.0906,0.0793,1.1425,98.55,0.13,88.73,0.34
"0.2",32,"Moderate","CITS_0.4_constant",8688,8688,0,-0.3567,-0.3654,-0.0087,0.0012,2.44,0.012,0.000184421307993919,0.865446593001842,0.0037,0.954534990791897,0.0022,0.1094,0.0896,1.221,95.45,0.22,86.54,0.37
"0.2",32,"Moderate","CITS_spill_3pct",8688,8688,0,-0.3567,-0.2582,0.0985,0.001,27.61,0.0179,0.000228338928385058,0.696593001841621,0.0049,0.876726519337017,0.0035,0.0905,0.0792,1.1427,87.67,0.35,69.66,0.49
"0.2",32,"Moderate","Trd",8688,8688,0,-0.3567,-0.3443,0.0124,0.0031,3.48,0.0856,0.00127306185667383,0.816873848987109,0.0041,0.410566298342541,0.0053,0.2924,0.2224,1.3147,41.06,0.53,81.69,0.41
"0.2",32,"Large","CITS",8688,8688,0,-0.5108,-0.5175,-0.0067,0.001,1.31,0.0081,0.000126899423818017,0.895142725598527,0.0033,1,0,0.0897,0.0791,1.134,100,0,89.51,0.33
"0.2",32,"Large","CITS_0.4_constant",8688,8688,0,-0.5108,-0.5181,-0.0073,0.0012,1.43,0.0124,0.000192058351488207,0.859346224677716,0.0037,0.998618784530387,4e-04,0.1109,0.0894,1.2405,99.86,0.04,85.93,0.37
"0.2",32,"Large","CITS_spill_3pct",8688,8688,0,-0.5108,-0.4124,0.0984,0.001,19.26,0.0177,0.000227099855861184,0.700506445672192,0.0049,0.996201657458563,7e-04,0.0898,0.0793,1.1324,99.62,0.07,70.05,0.49
"0.2",32,"Large","Trd",8688,8688,0,-0.5108,-0.5015,0.0093,0.0031,1.82,0.0847,0.00128697071123477,0.823664825046041,0.0041,0.607849907918969,0.0052,0.2909,0.2214,1.3139,60.78,0.52,82.37,0.41
"0.2",36,"Small","CITS",8688,8688,0,-0.0408,-0.0458,-0.005,9e-04,12.25,0.0071,0.000107341182464356,0.894682320441989,0.0033,0.148250460405157,0.0038,0.084,0.0744,1.129,14.83,0.38,89.47,0.33
"0.2",36,"Small","CITS_0.4_constant",8688,8688,0,-0.0408,-0.0458,-0.005,0.0011,12.25,0.0106,0.000160898084588278,0.86567679558011,0.0037,0.162638121546961,0.004,0.1026,0.0843,1.2171,16.26,0.4,86.57,0.37
"0.2",36,"Small","CITS_spill_3pct",8688,8688,0,-0.0408,0.0594,0.1002,9e-04,245.59,0.0171,0.000205906467920368,0.668393186003683,0.0051,0.192449355432781,0.0042,0.0842,0.0745,1.1302,19.24,0.42,66.84,0.51
"0.2",36,"Small","Trd",8688,8688,0,-0.0408,-0.0298,0.011,0.003,26.96,0.0809,0.00123160518636261,0.835635359116022,0.004,0.164825046040516,0.004,0.2841,0.2241,1.2677,16.48,0.4,83.56,0.4
"0.2",36,"Moderate","CITS",8688,8688,0,-0.3567,-0.3636,-0.0069,9e-04,1.93,0.007,0.000108058897704104,0.89963167587477,0.0032,0.993093922651934,9e-04,0.0837,0.0745,1.1235,99.31,0.09,89.96,0.32
"0.2",36,"Moderate","CITS_0.4_constant",8688,8688,0,-0.3567,-0.3651,-0.0084,0.0011,2.35,0.0104,0.000157902131119505,0.873733885819521,0.0036,0.975943830570902,0.0016,0.1016,0.0844,1.2038,97.59,0.16,87.37,0.36
"0.2",36,"Moderate","CITS_spill_3pct",8688,8688,0,-0.3567,-0.2578,0.0989,9e-04,27.73,0.0168,0.000204799778370567,0.676795580110497,0.005,0.909415285451197,0.0031,0.0836,0.0746,1.1206,90.94,0.31,67.68,0.5
"0.2",36,"Moderate","Trd",8688,8688,0,-0.3567,-0.3502,0.0065,0.0031,1.82,0.082,0.00126974566094036,0.836556169429098,0.004,0.418623388581952,0.0053,0.2864,0.2226,1.2866,41.86,0.53,83.66,0.4
"0.2",36,"Large","CITS",8688,8688,0,-0.5108,-0.5187,-0.0079,9e-04,1.55,0.0074,0.000111525537313404,0.891574585635359,0.0033,1,0,0.0856,0.0746,1.1475,100,0,89.16,0.33
"0.2",36,"Large","CITS_0.4_constant",8688,8688,0,-0.5108,-0.5199,-0.0091,0.0011,1.78,0.011,0.000163748913980502,0.86072744014733,0.0037,0.999424493554328,3e-04,0.1045,0.0844,1.2382,99.94,0.03,86.07,0.37
"0.2",36,"Large","CITS_spill_3pct",8688,8688,0,-0.5108,-0.4136,0.0972,9e-04,19.03,0.0168,0.000210048589997015,0.684162062615101,0.005,0.998503683241252,4e-04,0.0856,0.0746,1.1475,99.85,0.04,68.42,0.5
"0.2",36,"Large","Trd",8688,8688,0,-0.5108,-0.5025,0.0083,0.003,1.62,0.0806,0.00123732075343444,0.835980662983425,0.004,0.615791896869245,0.0052,0.2838,0.2217,1.2801,61.58,0.52,83.6,0.4
"0.2",40,"Small","CITS",8688,8688,0,-0.0408,-0.0445,-0.0037,9e-04,9.07,0.0064,9.76131517369933e-05,0.896984346224678,0.0033,0.152048802946593,0.0039,0.0799,0.0705,1.1333,15.2,0.39,89.7,0.33
"0.2",40,"Small","CITS_0.4_constant",8688,8688,0,-0.0408,-0.0444,-0.0036,0.001,8.82,0.0095,0.000146642552431671,0.875345303867403,0.0035,0.165285451197053,0.004,0.0976,0.0804,1.2139,16.53,0.4,87.53,0.35
"0.2",40,"Small","CITS_spill_3pct",8688,8688,0,-0.0408,0.0608,0.1016,9e-04,249.02,0.0166,0.000194595868528921,0.64445211786372,0.0051,0.197974217311234,0.0043,0.0796,0.0707,1.1259,19.8,0.43,64.45,0.51
"0.2",40,"Small","Trd",8688,8688,0,-0.0408,-0.04,8e-04,0.003,1.96,0.0764,0.0011351463695628,0.851289134438306,0.0038,0.153890423572744,0.0039,0.2764,0.223,1.2395,15.39,0.39,85.13,0.38
"0.2",40,"Moderate","CITS",8688,8688,0,-0.3567,-0.3628,-0.0061,9e-04,1.71,0.0064,9.97938042363993e-05,0.898480662983425,0.0032,0.996431860036832,6e-04,0.0799,0.0708,1.1285,99.64,0.06,89.85,0.32
"0.2",40,"Moderate","CITS_0.4_constant",8688,8688,0,-0.3567,-0.3639,-0.0072,0.0011,2.02,0.0097,0.000149830865216975,0.870395948434622,0.0036,0.981123388581952,0.0015,0.0983,0.0802,1.2257,98.11,0.15,87.04,0.36
"0.2",40,"Moderate","CITS_spill_3pct",8688,8688,0,-0.3567,-0.2577,0.099,9e-04,27.75,0.0161,0.000192804884682329,0.658609576427256,0.0051,0.930363720073665,0.0027,0.0796,0.0708,1.1243,93.04,0.27,65.86,0.51
"0.2",40,"Moderate","Trd",8688,8688,0,-0.3567,-0.3538,0.0029,0.003,0.81,0.0781,0.00117989844044419,0.843116942909761,0.0039,0.428176795580111,0.0053,0.2795,0.22,1.2705,42.82,0.53,84.31,0.39
"0.2",40,"Large","CITS",8688,8688,0,-0.5108,-0.5168,-0.006,9e-04,1.17,0.0064,9.77754008295194e-05,0.899286372007366,0.0032,1,0,0.0799,0.0708,1.1285,100,0,89.93,0.32
"0.2",40,"Large","CITS_0.4_constant",8688,8688,0,-0.5108,-0.5184,-0.0076,0.0011,1.49,0.0097,0.000150216910726086,0.870280847145488,0.0036,0.999769797421731,2e-04,0.0981,0.0803,1.2217,99.98,0.02,87.03,0.36
"0.2",40,"Large","CITS_spill_3pct",8688,8688,0,-0.5108,-0.4116,0.0992,9e-04,19.42,0.0163,0.000191958857942675,0.655156537753223,0.0051,0.999769797421731,2e-04,0.0801,0.0708,1.1314,99.98,0.02,65.52,0.51
"0.2",40,"Large","Trd",8688,8688,0,-0.5108,-0.5051,0.0057,0.003,1.12,0.0775,0.00121090579671672,0.843922651933702,0.0039,0.617633517495396,0.0052,0.2783,0.2207,1.261,61.76,0.52,84.39,0.39
"0.2",44,"Small","CITS",8688,8688,0,-0.0408,-0.0459,-0.0051,8e-04,12.5,0.0056,8.4897608095203e-05,0.905616942909761,0.0031,0.151818600368324,0.0038,0.075,0.0673,1.1144,15.18,0.38,90.56,0.31
"0.2",44,"Small","CITS_0.4_constant",8688,8688,0,-0.0408,-0.047,-0.0062,0.001,15.2,0.0087,0.000132484716308187,0.875920810313076,0.0035,0.167472375690608,0.004,0.0929,0.077,1.2065,16.75,0.4,87.59,0.35
"0.2",44,"Small","CITS_spill_3pct",8688,8688,0,-0.0408,0.0593,0.1001,8e-04,245.34,0.0157,0.000182389631812752,0.63328729281768,0.0052,0.20280847145488,0.0043,0.0755,0.0674,1.1202,20.28,0.43,63.33,0.52
"0.2",44,"Small","Trd",8688,8688,0,-0.0408,-0.0376,0.0032,0.0029,7.84,0.0713,0.00106137213973242,0.846800184162063,0.0039,0.154350828729282,0.0039,0.2671,0.2129,1.2546,15.44,0.39,84.68,0.39
"0.2",44,"Moderate","CITS",8688,8688,0,-0.3567,-0.3611,-0.0044,8e-04,1.23,0.0058,8.87453369653662e-05,0.902969613259669,0.0032,0.99792817679558,5e-04,0.0764,0.0674,1.1335,99.79,0.05,90.3,0.32
"0.2",44,"Moderate","CITS_0.4_constant",8688,8688,0,-0.3567,-0.3615,-0.0048,0.001,1.35,0.0087,0.000132042869092964,0.875920810313076,0.0035,0.985382136279926,0.0013,0.0933,0.0769,1.2133,98.54,0.13,87.59,0.35
"0.2",44,"Moderate","CITS_spill_3pct",8688,8688,0,-0.3567,-0.2553,0.1014,8e-04,28.43,0.0161,0.000186708395236423,0.628798342541437,0.0052,0.944981583793739,0.0024,0.0761,0.0675,1.1274,94.5,0.24,62.88,0.52
"0.2",44,"Moderate","Trd",8688,8688,0,-0.3567,-0.3555,0.0012,0.0028,0.34,0.0693,0.00106789856562385,0.847030386740331,0.0039,0.447168508287293,0.0053,0.2633,0.2109,1.2485,44.72,0.53,84.7,0.39
"0.2",44,"Large","CITS",8688,8688,0,-0.5108,-0.5177,-0.0069,8e-04,1.35,0.0059,9.16394392748343e-05,0.89859576427256,0.0032,1,0,0.0766,0.0677,1.1315,100,0,89.86,0.32
"0.2",44,"Large","CITS_0.4_constant",8688,8688,0,-0.5108,-0.5192,-0.0084,0.001,1.64,0.009,0.000135485509731985,0.870050644567219,0.0036,1,0,0.0945,0.0772,1.2241,100,0,87.01,0.36
"0.2",44,"Large","CITS_spill_3pct",8688,8688,0,-0.5108,-0.412,0.0988,8e-04,19.34,0.0157,0.000187127090748561,0.644567219152855,0.0051,0.999884898710866,1e-04,0.077,0.0677,1.1374,99.99,0.01,64.46,0.51
"0.2",44,"Large","Trd",8688,8688,0,-0.5108,-0.5022,0.0086,0.0029,1.68,0.0707,0.00107958767773234,0.844498158379374,0.0039,0.639963167587477,0.0051,0.2659,0.2115,1.2572,64,0.51,84.45,0.39
"0.2",48,"Small","CITS",8688,8688,0,-0.0408,-0.0445,-0.0037,8e-04,9.07,0.0052,7.79961398484606e-05,0.90768876611418,0.0031,0.151358195211786,0.0038,0.072,0.0645,1.1163,15.14,0.38,90.77,0.31
"0.2",48,"Small","CITS_0.4_constant",8688,8688,0,-0.0408,-0.0438,-0.003,0.001,7.35,0.008,0.000120174785354539,0.876266114180479,0.0035,0.164019337016575,0.004,0.0893,0.0737,1.2117,16.4,0.4,87.63,0.35
"0.2",48,"Small","CITS_spill_3pct",8688,8688,0,-0.0408,0.061,0.1018,8e-04,249.51,0.0155,0.000173824414492782,0.605662983425414,0.0052,0.215699815837937,0.0044,0.072,0.0645,1.1163,21.57,0.44,60.57,0.52
"0.2",48,"Small","Trd",8688,8688,0,-0.0408,-0.04,8e-04,0.0027,1.96,0.0651,0.000991348319568808,0.853360957642726,0.0038,0.151588397790055,0.0038,0.2551,0.2066,1.2348,15.16,0.38,85.34,0.38
"0.2",48,"Moderate","CITS",8688,8688,0,-0.3567,-0.3617,-0.005,8e-04,1.4,0.0055,8.21447517340375e-05,0.895372928176796,0.0033,0.998618784530387,4e-04,0.0737,0.0646,1.1409,99.86,0.04,89.54,0.33
"0.2",48,"Moderate","CITS_0.4_constant",8688,8688,0,-0.3567,-0.3619,-0.0052,0.001,1.46,0.008,0.000119296650310999,0.876381215469613,0.0035,0.992403314917127,9e-04,0.089,0.0737,1.2076,99.24,0.09,87.64,0.35
"0.2",48,"Moderate","CITS_spill_3pct",8688,8688,0,-0.3567,-0.2561,0.1006,8e-04,28.2,0.0155,0.000179599899030223,0.614525782688766,0.0052,0.957182320441989,0.0022,0.0735,0.0647,1.136,95.72,0.22,61.45,0.52
"0.2",48,"Moderate","Trd",8688,8688,0,-0.3567,-0.3547,0.002,0.0027,0.56,0.0654,0.000998585023329735,0.850023020257827,0.0038,0.45798802946593,0.0053,0.2557,0.2051,1.2467,45.8,0.53,85,0.38
"0.2",48,"Large","CITS",8688,8688,0,-0.5108,-0.5161,-0.0053,8e-04,1.04,0.0053,8.10847968659779e-05,0.901588397790055,0.0032,1,0,0.0729,0.0649,1.1233,100,0,90.16,0.32
"0.2",48,"Large","CITS_0.4_constant",8688,8688,0,-0.5108,-0.5181,-0.0073,0.001,1.43,0.0081,0.000122848878327094,0.871546961325967,0.0036,0.999884898710866,1e-04,0.0898,0.0741,1.2119,99.99,0.01,87.15,0.36
"0.2",48,"Large","CITS_spill_3pct",8688,8688,0,-0.5108,-0.4112,0.0996,8e-04,19.5,0.0152,0.000174827325057186,0.623503683241252,0.0052,1,0,0.0726,0.065,1.1169,100,0,62.35,0.52
"0.2",48,"Large","Trd",8688,8688,0,-0.5108,-0.5088,0.002,0.0027,0.39,0.0648,0.000989522127810085,0.848181399631676,0.0038,0.671270718232044,0.005,0.2546,0.2058,1.2371,67.13,0.5,84.82,0.38
"0.2",52,"Small","CITS",8688,8688,0,-0.0408,-0.0441,-0.0033,7e-04,8.09,0.0048,7.20710774961968e-05,0.906422651933702,0.0031,0.152854511970534,0.0039,0.069,0.0618,1.1165,15.29,0.39,90.64,0.31
"0.2",52,"Small","CITS_0.4_constant",8688,8688,0,-0.0408,-0.0445,-0.0037,9e-04,9.07,0.0073,0.000109899599417704,0.87914364640884,0.0035,0.166206261510129,0.004,0.0852,0.0707,1.2051,16.62,0.4,87.91,0.35
"0.2",52,"Small","CITS_spill_3pct",8688,8688,0,-0.0408,0.0607,0.1015,7e-04,248.77,0.0151,0.000165945636461526,0.591390423572744,0.0053,0.218692449355433,0.0044,0.0692,0.0619,1.1179,21.87,0.44,59.14,0.53
"0.2",52,"Small","Trd",8688,8688,0,-0.0408,-0.0366,0.0042,0.0027,10.29,0.0624,0.000947036454566298,0.864295580110497,0.0037,0.140193370165746,0.0037,0.2497,0.2055,1.2151,14.02,0.37,86.43,0.37
"0.2",52,"Moderate","CITS",8688,8688,0,-0.3567,-0.3605,-0.0038,7e-04,1.07,0.0049,7.34365828733447e-05,0.904696132596685,0.0032,0.999539594843462,2e-04,0.0696,0.0622,1.119,99.95,0.02,90.47,0.32
"0.2",52,"Moderate","CITS_0.4_constant",8688,8688,0,-0.3567,-0.3612,-0.0045,9e-04,1.26,0.0074,0.000113470070025383,0.883517495395948,0.0034,0.994475138121547,8e-04,0.0859,0.0712,1.2065,99.45,0.08,88.35,0.34
"0.2",52,"Moderate","CITS_spill_3pct",8688,8688,0,-0.3567,-0.255,0.1017,7e-04,28.51,0.0152,0.000167588058283097,0.597030386740331,0.0053,0.971109576427256,0.0018,0.0696,0.0623,1.1172,97.11,0.18,59.7,0.53
"0.2",52,"Moderate","Trd",8688,8688,0,-0.3567,-0.3501,0.0066,0.0027,1.85,0.0639,0.000986173461534539,0.852785451197053,0.0038,0.446132596685083,0.0053,0.2527,0.2054,1.2303,44.61,0.53,85.28,0.38
"0.2",52,"Large","CITS",8688,8688,0,-0.5108,-0.5162,-0.0054,7e-04,1.06,0.0049,7.57987012088072e-05,0.906883057090239,0.0031,1,0,0.0698,0.0624,1.1186,100,0,90.69,0.31
"0.2",52,"Large","CITS_0.4_constant",8688,8688,0,-0.5108,-0.5174,-0.0066,9e-04,1.29,0.0073,0.000111636612311106,0.883862799263352,0.0034,1,0,0.0854,0.0712,1.1994,100,0,88.39,0.34
"0.2",52,"Large","CITS_spill_3pct",8688,8688,0,-0.5108,-0.4105,0.1003,7e-04,19.64,0.0149,0.000164713295506018,0.596454880294659,0.0053,1,0,0.0697,0.0625,1.1152,100,0,59.65,0.53
"0.2",52,"Large","Trd",8688,8688,0,-0.5108,-0.5065,0.0043,0.0027,0.84,0.0638,0.000979251016250523,0.856123388581952,0.0038,0.671616022099447,0.005,0.2526,0.206,1.2262,67.16,0.5,85.61,0.38
"0.2",56,"Small","CITS",8688,8688,0,-0.0408,-0.0452,-0.0044,7e-04,10.78,0.0046,6.97431591545064e-05,0.901012891344383,0.0032,0.166206261510129,0.004,0.0678,0.0598,1.1338,16.62,0.4,90.1,0.32
"0.2",56,"Small","CITS_0.4_constant",8688,8688,0,-0.0408,-0.0462,-0.0054,9e-04,13.24,0.007,0.000103701508220247,0.878683241252302,0.0035,0.17322744014733,0.0041,0.0833,0.0685,1.2161,17.32,0.41,87.87,0.35
"0.2",56,"Small","CITS_spill_3pct",8688,8688,0,-0.0408,0.0601,0.1009,7e-04,247.3,0.0148,0.000163481165863939,0.573895027624309,0.0053,0.226289134438306,0.0045,0.0682,0.0597,1.1424,22.63,0.45,57.39,0.53
"0.2",56,"Small","Trd",8688,8688,0,-0.0408,-0.0337,0.0071,0.0026,17.4,0.0573,0.000876768374876401,0.86982044198895,0.0036,0.134783609576427,0.0037,0.2392,0.2011,1.1895,13.48,0.37,86.98,0.36
"0.2",56,"Moderate","CITS",8688,8688,0,-0.3567,-0.3623,-0.0056,7e-04,1.57,0.0046,6.83928448071483e-05,0.906077348066298,0.0031,1,0,0.0672,0.0599,1.1219,100,0,90.61,0.31
"0.2",56,"Moderate","CITS_0.4_constant",8688,8688,0,-0.3567,-0.3625,-0.0058,9e-04,1.63,0.0069,0.000105029062586965,0.88017955801105,0.0035,0.996086556169429,7e-04,0.0827,0.0684,1.2091,99.61,0.07,88.02,0.35
"0.2",56,"Moderate","CITS_spill_3pct",8688,8688,0,-0.3567,-0.2565,0.1002,7e-04,28.09,0.0146,0.000158716836919403,0.580225598526704,0.0053,0.979857274401473,0.0015,0.0673,0.06,1.1217,97.99,0.15,58.02,0.53
"0.2",56,"Moderate","Trd",8688,8688,0,-0.3567,-0.358,-0.0013,0.0026,0.36,0.057,0.000872497345034485,0.866827808471455,0.0036,0.466735727440147,0.0054,0.2387,0.2008,1.1887,46.67,0.54,86.68,0.36
"0.2",56,"Large","CITS",8688,8688,0,-0.5108,-0.5176,-0.0068,7e-04,1.33,0.0044,6.73941992998066e-05,0.908264272559853,0.0031,1,0,0.0662,0.06,1.1033,100,0,90.83,0.31
"0.2",56,"Large","CITS_0.4_constant",8688,8688,0,-0.5108,-0.5199,-0.0091,9e-04,1.78,0.0069,0.000103189860541418,0.877417127071823,0.0035,1,0,0.0827,0.0686,1.2055,100,0,87.74,0.35
"0.2",56,"Large","CITS_spill_3pct",8688,8688,0,-0.5108,-0.4126,0.0982,7e-04,19.22,0.0141,0.000158129317826347,0.600943830570902,0.0053,0.999884898710866,1e-04,0.0666,0.06,1.11,99.99,0.01,60.09,0.53
"0.2",56,"Large","Trd",8688,8688,0,-0.5108,-0.5102,6e-04,0.0026,0.12,0.0587,0.000914170363640052,0.864640883977901,0.0037,0.692219152854512,0.005,0.2423,0.2016,1.2019,69.22,0.5,86.46,0.37
"0.2",60,"Small","CITS",8688,8688,0,-0.0408,-0.0444,-0.0036,7e-04,8.82,0.004,6.23036603894798e-05,0.914479742173112,0.003,0.158954880294659,0.0039,0.0635,0.0577,1.1005,15.9,0.39,91.45,0.3
"0.2",60,"Small","CITS_0.4_constant",8688,8688,0,-0.0408,-0.0451,-0.0043,9e-04,10.54,0.0063,9.72830846971289e-05,0.881790976058932,0.0035,0.169429097605893,0.004,0.0793,0.0662,1.1979,16.94,0.4,88.18,0.35
"0.2",60,"Small","CITS_spill_3pct",8688,8688,0,-0.0408,0.061,0.1018,7e-04,249.51,0.0144,0.000151635306474176,0.553752302025783,0.0053,0.232389502762431,0.0045,0.0636,0.0577,1.1023,23.24,0.45,55.38,0.53
"0.2",60,"Small","Trd",8688,8688,0,-0.0408,-0.0388,0.002,0.0025,4.9,0.0544,0.000813591652390059,0.870626151012891,0.0036,0.134898710865562,0.0037,0.2332,0.1961,1.1892,13.49,0.37,87.06,0.36
"0.2",60,"Moderate","CITS",8688,8688,0,-0.3567,-0.3606,-0.0039,7e-04,1.09,0.0041,6.32510790549966e-05,0.908839779005525,0.0031,1,0,0.0642,0.0579,1.1088,100,0,90.88,0.31
"0.2",60,"Moderate","CITS_0.4_constant",8688,8688,0,-0.3567,-0.3617,-0.005,8e-04,1.4,0.0062,9.71413580529819e-05,0.88823664825046,0.0034,0.997122467771639,6e-04,0.0788,0.0665,1.185,99.71,0.06,88.82,0.34
"0.2",60,"Moderate","CITS_spill_3pct",8688,8688,0,-0.3567,-0.2555,0.1012,7e-04,28.37,0.0144,0.00015325152675712,0.560773480662983,0.0053,0.98365561694291,0.0014,0.0647,0.0579,1.1174,98.37,0.14,56.08,0.53
"0.2",60,"Moderate","Trd",8688,8688,0,-0.3567,-0.352,0.0047,0.0025,1.32,0.0549,0.000832238081640663,0.872007366482505,0.0036,0.473066298342541,0.0054,0.2343,0.1956,1.1979,47.31,0.54,87.2,0.36
"0.2",60,"Large","CITS",8688,8688,0,-0.5108,-0.515,-0.0042,7e-04,0.82,0.0042,6.35024034232112e-05,0.90768876611418,0.0031,1,0,0.0646,0.058,1.1138,100,0,90.77,0.31
"0.2",60,"Large","CITS_0.4_constant",8688,8688,0,-0.5108,-0.5165,-0.0057,9e-04,1.12,0.0064,9.55001138494795e-05,0.881790976058932,0.0035,1,0,0.0797,0.0665,1.1985,100,0,88.18,0.35
"0.2",60,"Large","CITS_spill_3pct",8688,8688,0,-0.5108,-0.4097,0.1011,7e-04,19.79,0.0144,0.00015425089900052,0.562845303867403,0.0053,1,0,0.0648,0.0581,1.1153,100,0,56.28,0.53
"0.2",60,"Large","Trd",8688,8688,0,-0.5108,-0.5059,0.0049,0.0025,0.96,0.0544,0.000847279977311408,0.867403314917127,0.0036,0.713627992633518,0.0048,0.2332,0.1949,1.1965,71.36,0.48,86.74,0.36
"0.2",80,"Small","CITS",8688,8688,0,-0.0408,-0.0446,-0.0038,6e-04,9.31,0.0031,4.63760698719e-05,0.915285451197053,0.003,0.18232044198895,0.0041,0.0552,0.0501,1.1018,18.23,0.41,91.53,0.3
"0.2",80,"Small","CITS_0.4_constant",8688,8688,0,-0.0408,-0.0451,-0.0043,7e-04,10.54,0.0047,7.228099741249e-05,0.890538674033149,0.0033,0.177946593001842,0.0041,0.0686,0.0576,1.191,17.79,0.41,89.05,0.33
"0.2",80,"Small","CITS_spill_3pct",8688,8688,0,-0.0408,0.0609,0.1017,6e-04,249.26,0.0134,0.000129669263483265,0.464548802946593,0.0054,0.263006445672192,0.0047,0.0554,0.0501,1.1058,26.3,0.47,46.45,0.54
"0.2",80,"Small","Trd",8688,8688,0,-0.0408,-0.0412,-4e-04,0.0022,0.98,0.0414,0.000627892013751797,0.890538674033149,0.0033,0.119014732965009,0.0035,0.2034,0.1752,1.161,11.9,0.35,89.05,0.33
"0.2",80,"Moderate","CITS",8688,8688,0,-0.3567,-0.3605,-0.0038,6e-04,1.07,0.0031,4.74416930320107e-05,0.908264272559853,0.0031,1,0,0.056,0.0504,1.1111,100,0,90.83,0.31
"0.2",80,"Moderate","CITS_0.4_constant",8688,8688,0,-0.3567,-0.3619,-0.0052,7e-04,1.46,0.0048,7.09247707218642e-05,0.890193370165746,0.0034,0.999884898710866,1e-04,0.069,0.058,1.1897,99.99,0.01,89.02,0.34
"0.2",80,"Moderate","CITS_spill_3pct",8688,8688,0,-0.3567,-0.2553,0.1014,6e-04,28.43,0.0134,0.000131008731625013,0.476864640883978,0.0054,0.996431860036832,6e-04,0.0561,0.0505,1.1109,99.64,0.06,47.69,0.54
"0.2",80,"Moderate","Trd",8688,8688,0,-0.3567,-0.3526,0.0041,0.0022,1.15,0.041,0.000627922674353402,0.887085635359116,0.0034,0.532803867403315,0.0054,0.2025,0.1756,1.1532,53.28,0.54,88.71,0.34
"0.2",80,"Large","CITS",8688,8688,0,-0.5108,-0.516,-0.0052,6e-04,1.02,0.0031,4.74654340294016e-05,0.912062615101289,0.003,1,0,0.0558,0.0504,1.1071,100,0,91.21,0.3
"0.2",80,"Large","CITS_0.4_constant",8688,8688,0,-0.5108,-0.5183,-0.0075,7e-04,1.47,0.0048,7.12881735038134e-05,0.88823664825046,0.0034,1,0,0.0686,0.0581,1.1807,100,0,88.82,0.34
"0.2",80,"Large","CITS_spill_3pct",8688,8688,0,-0.5108,-0.4111,0.0997,6e-04,19.52,0.0131,0.00012754695202147,0.485036832412523,0.0054,1,0,0.0559,0.0505,1.1069,100,0,48.5,0.54
"0.2",80,"Large","Trd",8688,8688,0,-0.5108,-0.5104,4e-04,0.0022,0.08,0.0409,0.000609174227410922,0.884438305709024,0.0034,0.792587476979742,0.0043,0.2021,0.175,1.1549,79.26,0.43,88.44,0.34
"0.2",100,"Small","CITS",8688,8688,0,-0.0408,-0.0439,-0.0031,5e-04,7.6,0.0024,3.72778061987605e-05,0.920695211786372,0.0029,0.194521178637201,0.0042,0.049,0.0452,1.0841,19.45,0.42,92.07,0.29
"0.2",100,"Small","CITS_0.4_constant",8688,8688,0,-0.0408,-0.0444,-0.0036,6e-04,8.82,0.0036,5.52934862984044e-05,0.908954880294659,0.0031,0.176104972375691,0.0041,0.06,0.0531,1.1299,17.61,0.41,90.9,0.31
"0.2",100,"Small","CITS_spill_3pct",8688,8688,0,-0.0408,0.0616,0.1024,5e-04,250.98,0.0129,0.000113486332123597,0.379604051565378,0.0052,0.304327808471455,0.0049,0.0489,0.0452,1.0819,30.43,0.49,37.96,0.52
"0.2",100,"Small","Trd",8688,8688,0,-0.0408,-0.0395,0.0013,0.0019,3.19,0.031,0.000485204699425943,0.903084714548803,0.0032,0.10347605893186,0.0033,0.176,0.1563,1.126,10.35,0.33,90.31,0.32
"0.2",100,"Moderate","CITS",8688,8688,0,-0.3567,-0.3609,-0.0042,5e-04,1.18,0.0025,3.72780761247228e-05,0.919544198895028,0.0029,1,0,0.0494,0.0456,1.0833,100,0,91.95,0.29
"0.2",100,"Moderate","CITS_0.4_constant",8688,8688,0,-0.3567,-0.361,-0.0043,7e-04,1.21,0.0038,5.87951108213204e-05,0.901243093922652,0.0032,0.999884898710866,1e-04,0.0614,0.0531,1.1563,99.99,0.01,90.12,0.32
"0.2",100,"Moderate","CITS_spill_3pct",8688,8688,0,-0.3567,-0.2556,0.1011,5e-04,28.34,0.0127,0.000113444032016349,0.394567219152855,0.0052,0.999424493554328,3e-04,0.0497,0.0456,1.0899,99.94,0.03,39.46,0.52
"0.2",100,"Moderate","Trd",8688,8688,0,-0.3567,-0.3599,-0.0032,0.0019,0.9,0.0317,0.000474105029511814,0.892265193370166,0.0033,0.622813075506446,0.0052,0.178,0.1572,1.1323,62.28,0.52,89.23,0.33
"0.2",100,"Large","CITS",8688,8688,0,-0.5108,-0.5155,-0.0047,5e-04,0.92,0.0025,3.80017757352439e-05,0.916436464088398,0.003,1,0,0.0496,0.0456,1.0877,100,0,91.64,0.3
"0.2",100,"Large","CITS_0.4_constant",8688,8688,0,-0.5108,-0.5171,-0.0063,7e-04,1.23,0.0038,5.88635922711568e-05,0.895833333333333,0.0033,1,0,0.0614,0.0533,1.152,100,0,89.58,0.33
"0.2",100,"Large","CITS_spill_3pct",8688,8688,0,-0.5108,-0.4107,0.1001,5e-04,19.6,0.0125,0.000113270248418645,0.408494475138122,0.0053,1,0,0.0494,0.0457,1.081,100,0,40.85,0.53
"0.2",100,"Large","Trd",8688,8688,0,-0.5108,-0.5103,5e-04,0.0019,0.1,0.0324,0.000502522235817662,0.892265193370166,0.0033,0.867518416206261,0.0036,0.1799,0.1568,1.1473,86.75,0.36,89.23,0.33
"0.2",150,"Small","CITS",8688,8688,0,-0.0408,-0.0446,-0.0038,4e-04,9.31,0.0016,2.36212355371494e-05,0.928522099447514,0.0028,0.241367403314917,0.0046,0.0394,0.0372,1.0591,24.14,0.46,92.85,0.28
"0.2",150,"Small","CITS_0.4_constant",8688,8688,0,-0.0408,-0.0461,-0.0053,5e-04,12.99,0.0024,3.61402244985795e-05,0.912292817679558,0.003,0.220764272559853,0.0044,0.0487,0.0438,1.1119,22.08,0.44,91.23,0.3
"0.2",150,"Small","CITS_spill_3pct",8688,8688,0,-0.0408,0.0605,0.1013,4e-04,248.28,0.0118,8.81842938783913e-05,0.242633517495396,0.0046,0.386049723756906,0.0052,0.0392,0.0373,1.0509,38.6,0.52,24.26,0.46
"0.2",150,"Small","Trd",8688,8688,0,-0.0408,-0.039,0.0018,0.0015,4.41,0.0197,0.000295163164367759,0.91183241252302,0.003,0.0966850828729282,0.0032,0.1403,0.1288,1.0893,9.67,0.32,91.18,0.3
"0.2",150,"Moderate","CITS",8688,8688,0,-0.3567,-0.3616,-0.0049,4e-04,1.37,0.0016,2.43397414373782e-05,0.926220073664825,0.0028,1,0,0.0401,0.0374,1.0722,100,0,92.62,0.28
"0.2",150,"Moderate","CITS_0.4_constant",8688,8688,0,-0.3567,-0.3639,-0.0072,5e-04,2.02,0.0025,3.84609056915734e-05,0.904926335174954,0.0031,1,0,0.0498,0.0439,1.1344,100,0,90.49,0.31
"0.2",150,"Moderate","CITS_spill_3pct",8688,8688,0,-0.3567,-0.2563,0.1004,4e-04,28.15,0.0117,9.00132930928444e-05,0.255294659300184,0.0047,1,0,0.04,0.0375,1.0667,100,0,25.53,0.47
"0.2",150,"Moderate","Trd",8688,8688,0,-0.3567,-0.3572,-5e-04,0.0016,0.14,0.021,0.000317416723318137,0.906767955801105,0.0031,0.765653775322284,0.0045,0.145,0.1292,1.1223,76.57,0.45,90.68,0.31
"0.2",150,"Large","CITS",8688,8688,0,-0.5108,-0.5168,-0.006,4e-04,1.17,0.0017,2.52530103570973e-05,0.924378453038674,0.0028,1,0,0.0404,0.0376,1.0745,100,0,92.44,0.28
"0.2",150,"Large","CITS_0.4_constant",8688,8688,0,-0.5108,-0.5186,-0.0078,5e-04,1.53,0.0026,3.93723788894238e-05,0.902969613259669,0.0032,1,0,0.0501,0.0441,1.1361,100,0,90.3,0.32
"0.2",150,"Large","CITS_spill_3pct",8688,8688,0,-0.5108,-0.4115,0.0993,4e-04,19.44,0.0115,8.89918956362922e-05,0.264848066298343,0.0047,1,0,0.0404,0.0377,1.0716,100,0,26.48,0.47
"0.2",150,"Large","Trd",8688,8688,0,-0.5108,-0.5114,-6e-04,0.0015,0.12,0.0203,0.000306699689389582,0.908034069981584,0.0031,0.96109576427256,0.0021,0.1424,0.1297,1.0979,96.11,0.21,90.8,0.31
"0.4",12,"Small","CITS",8688,8688,0,-0.0408,-0.0478,-0.007,0.0022,17.16,0.0409,0.000638735182223186,0.776358195211786,0.0045,0.234806629834254,0.0045,0.202,0.1369,1.4755,23.48,0.45,77.64,0.45
"0.4",12,"Small","CITS_0.4_constant",8688,8688,0,-0.0408,-0.049,-0.0082,0.0022,20.1,0.0414,0.000650772425996136,0.772905156537753,0.0045,0.239180478821363,0.0046,0.2032,0.1368,1.4854,23.92,0.46,77.29,0.45
"0.4",12,"Small","CITS_spill_3pct",8688,8688,0,-0.0408,0.0578,0.0986,0.0022,241.67,0.0505,0.000739131081703654,0.706031307550645,0.0049,0.249769797421731,0.0046,0.2019,0.1371,1.4726,24.98,0.46,70.6,0.49
"0.4",12,"Small","Trd",8688,8688,0,-0.0408,-0.0257,0.0151,0.0048,37.01,0.2018,0.00306676556125953,0.755524861878453,0.0046,0.248043278084715,0.0046,0.449,0.3083,1.4564,24.8,0.46,75.55,0.46
"0.4",12,"Moderate","CITS",8688,8688,0,-0.3567,-0.366,-0.0093,0.0022,2.61,0.0406,0.00064587807864632,0.771063535911602,0.0045,0.721454880294659,0.0048,0.2014,0.1366,1.4744,72.15,0.48,77.11,0.45
"0.4",12,"Moderate","CITS_0.4_constant",8688,8688,0,-0.3567,-0.3684,-0.0117,0.0022,3.28,0.0414,0.000647575958978617,0.771063535911602,0.0045,0.715354511970534,0.0048,0.2031,0.1379,1.4728,71.54,0.48,77.11,0.45
"0.4",12,"Moderate","CITS_spill_3pct",8688,8688,0,-0.3567,-0.2616,0.0951,0.0022,26.66,0.0495,0.000736200156307549,0.712707182320442,0.0049,0.546270718232044,0.0053,0.2013,0.1364,1.4758,54.63,0.53,71.27,0.49
"0.4",12,"Moderate","Trd",8688,8688,0,-0.3567,-0.3537,0.003,0.0048,0.84,0.1993,0.00308343353783524,0.760244014732965,0.0046,0.35451197053407,0.0051,0.4464,0.3112,1.4344,35.45,0.51,76.02,0.46
"0.4",12,"Large","CITS",8688,8688,0,-0.5108,-0.5259,-0.0151,0.0022,2.96,0.0415,0.000640475584056486,0.770948434622468,0.0045,0.89652394106814,0.0033,0.2031,0.1375,1.4771,89.65,0.33,77.09,0.45
"0.4",12,"Large","CITS_0.4_constant",8688,8688,0,-0.5108,-0.5233,-0.0125,0.0022,2.45,0.0414,0.000652042770897368,0.771984346224678,0.0045,0.89652394106814,0.0033,0.2032,0.1377,1.4757,89.65,0.33,77.2,0.45
"0.4",12,"Large","CITS_spill_3pct",8688,8688,0,-0.5108,-0.4202,0.0906,0.0022,17.74,0.0494,0.000720294745247219,0.721915285451197,0.0048,0.792817679558011,0.0043,0.2029,0.1378,1.4724,79.28,0.43,72.19,0.48
"0.4",12,"Large","Trd",8688,8688,0,-0.5108,-0.4977,0.0131,0.0048,2.56,0.2018,0.00304469536728697,0.755639963167588,0.0046,0.466965930018416,0.0054,0.4491,0.311,1.4441,46.7,0.54,75.56,0.46
"0.4",14,"Small","CITS",8688,8688,0,-0.0408,-0.0497,-0.0089,0.002,21.81,0.0359,0.00055364185042745,0.776127992633518,0.0045,0.237684162062615,0.0046,0.1894,0.1287,1.4716,23.77,0.46,77.61,0.45
"0.4",14,"Small","CITS_0.4_constant",8688,8688,0,-0.0408,-0.0481,-0.0073,0.002,17.89,0.036,0.000545579440580983,0.774171270718232,0.0045,0.239180478821363,0.0046,0.1896,0.1285,1.4755,23.92,0.46,77.42,0.45
"0.4",14,"Small","CITS_spill_3pct",8688,8688,0,-0.0408,0.0542,0.095,0.002,232.84,0.0446,0.000648853433956187,0.712592081031308,0.0049,0.243899631675875,0.0046,0.1886,0.1286,1.4666,24.39,0.46,71.26,0.49
"0.4",14,"Small","Trd",8688,8688,0,-0.0408,-0.0249,0.0159,0.0046,38.97,0.1825,0.00274038079487883,0.746316758747698,0.0047,0.251611418047882,0.0047,0.4269,0.2881,1.4818,25.16,0.47,74.63,0.47
"0.4",14,"Moderate","CITS",8688,8688,0,-0.3567,-0.3667,-0.01,0.002,2.8,0.0352,0.000554450037086083,0.788674033149171,0.0044,0.758977900552486,0.0046,0.1873,0.1286,1.4565,75.9,0.46,78.87,0.44
"0.4",14,"Moderate","CITS_0.4_constant",8688,8688,0,-0.3567,-0.3666,-0.0099,0.002,2.78,0.0356,0.000543619313109053,0.775782688766114,0.0045,0.752532228360958,0.0046,0.1884,0.1289,1.4616,75.25,0.46,77.58,0.45
"0.4",14,"Moderate","CITS_spill_3pct",8688,8688,0,-0.3567,-0.2623,0.0944,0.002,26.46,0.044,0.000657412400308556,0.720879373848987,0.0048,0.57078729281768,0.0053,0.1874,0.1286,1.4572,57.08,0.53,72.09,0.48
"0.4",14,"Moderate","Trd",8688,8688,0,-0.3567,-0.3426,0.0141,0.0047,3.95,0.1888,0.00279883990859924,0.741252302025783,0.0047,0.38121546961326,0.0052,0.4343,0.2882,1.5069,38.12,0.52,74.13,0.47
"0.4",14,"Large","CITS",8688,8688,0,-0.5108,-0.5204,-0.0096,0.002,1.88,0.0348,0.000535268411559705,0.783839779005525,0.0044,0.925529465930018,0.0028,0.1863,0.1293,1.4408,92.55,0.28,78.38,0.44
"0.4",14,"Large","CITS_0.4_constant",8688,8688,0,-0.5108,-0.5208,-0.01,0.002,1.96,0.0339,0.000528448777340457,0.78890423572744,0.0044,0.92426335174954,0.0028,0.184,0.1294,1.4219,92.43,0.28,78.89,0.44
"0.4",14,"Large","CITS_spill_3pct",8688,8688,0,-0.5108,-0.4158,0.095,0.002,18.6,0.0437,0.00063090917641685,0.712476979742173,0.0049,0.821708103130755,0.0041,0.1862,0.1297,1.4356,82.17,0.41,71.25,0.49
"0.4",14,"Large","Trd",8688,8688,0,-0.5108,-0.4992,0.0116,0.0046,2.27,0.1877,0.0029262179413337,0.755985267034991,0.0046,0.486533149171271,0.0054,0.4331,0.2933,1.4766,48.65,0.54,75.6,0.46
"0.4",16,"Small","CITS",8688,8688,0,-0.0408,-0.05,-0.0092,0.0019,22.55,0.0306,0.000488759732860845,0.773710865561694,0.0045,0.242288213627993,0.0046,0.1746,0.1207,1.4466,24.23,0.46,77.37,0.45
"0.4",16,"Small","CITS_0.4_constant",8688,8688,0,-0.0408,-0.049,-0.0082,0.0019,20.1,0.0306,0.000484475458151179,0.777509208103131,0.0045,0.242633517495396,0.0046,0.1746,0.1209,1.4442,24.26,0.46,77.75,0.45
"0.4",16,"Small","CITS_spill_3pct",8688,8688,0,-0.0408,0.0544,0.0952,0.0019,233.33,0.0395,0.000592262723002262,0.702348066298343,0.0049,0.248388581952118,0.0046,0.1745,0.1208,1.4445,24.84,0.46,70.23,0.49
"0.4",16,"Small","Trd",8688,8688,0,-0.0408,-0.0259,0.0149,0.0045,36.52,0.1754,0.00273503117920787,0.724447513812155,0.0048,0.274976979742173,0.0048,0.4186,0.2615,1.6008,27.5,0.48,72.44,0.48
"0.4",16,"Moderate","CITS",8688,8688,0,-0.3567,-0.3664,-0.0097,0.0018,2.72,0.0295,0.000465584042047239,0.784990791896869,0.0044,0.797306629834254,0.0043,0.1716,0.1212,1.4158,79.73,0.43,78.5,0.44
"0.4",16,"Moderate","CITS_0.4_constant",8688,8688,0,-0.3567,-0.3671,-0.0104,0.0018,2.92,0.0295,0.000464704734642446,0.781192449355433,0.0044,0.794659300184162,0.0043,0.1713,0.1209,1.4169,79.47,0.43,78.12,0.44
"0.4",16,"Moderate","CITS_spill_3pct",8688,8688,0,-0.3567,-0.2601,0.0966,0.0018,27.08,0.0386,0.000558690404331035,0.710865561694291,0.0049,0.597951197053407,0.0053,0.1712,0.1213,1.4114,59.8,0.53,71.09,0.49
"0.4",16,"Moderate","Trd",8688,8688,0,-0.3567,-0.3357,0.021,0.0045,5.89,0.1777,0.0027390489022027,0.715469613259669,0.0048,0.411717311233886,0.0053,0.421,0.2615,1.6099,41.17,0.53,71.55,0.48
"0.4",16,"Large","CITS",8688,8688,0,-0.5108,-0.524,-0.0132,0.0019,2.58,0.0299,0.000465397966912532,0.780847145488029,0.0044,0.94578729281768,0.0024,0.1726,0.1214,1.4217,94.58,0.24,78.08,0.44
"0.4",16,"Large","CITS_0.4_constant",8688,8688,0,-0.5108,-0.5238,-0.013,0.0019,2.55,0.0302,0.000468397559952667,0.781767955801105,0.0044,0.943945672191529,0.0025,0.1734,0.1215,1.4272,94.39,0.25,78.18,0.44
"0.4",16,"Large","CITS_spill_3pct",8688,8688,0,-0.5108,-0.418,0.0928,0.0018,18.17,0.0383,0.000564960754671451,0.711901473296501,0.0049,0.864525782688766,0.0037,0.1724,0.1214,1.4201,86.45,0.37,71.19,0.49
"0.4",16,"Large","Trd",8688,8688,0,-0.5108,-0.4971,0.0137,0.0046,2.68,0.1801,0.00266230539291097,0.706146408839779,0.0049,0.533149171270718,0.0054,0.4241,0.2642,1.6052,53.31,0.54,70.61,0.49
"0.4",18,"Small","CITS",8688,8688,0,-0.0408,-0.0446,-0.0038,0.0017,9.31,0.0253,0.000388921345862813,0.801795580110497,0.0043,0.212937384898711,0.0044,0.1589,0.1152,1.3793,21.29,0.44,80.18,0.43
"0.4",18,"Small","CITS_0.4_constant",8688,8688,0,-0.0408,-0.0466,-0.0058,0.0017,14.22,0.0257,0.000404634454980066,0.800989871086556,0.0043,0.212592081031308,0.0044,0.1602,0.1164,1.3763,21.26,0.44,80.1,0.43
"0.4",18,"Small","CITS_spill_3pct",8688,8688,0,-0.0408,0.0602,0.101,0.0017,247.55,0.0355,0.000517594429470779,0.702002762430939,0.0049,0.241252302025783,0.0046,0.1591,0.1152,1.3811,24.13,0.46,70.2,0.49
"0.4",18,"Small","Trd",8688,8688,0,-0.0408,-0.0343,0.0065,0.0043,15.93,0.164,0.0024937962753712,0.733885819521179,0.0047,0.265999079189687,0.0047,0.405,0.2601,1.5571,26.6,0.47,73.39,0.47
"0.4",18,"Moderate","CITS",8688,8688,0,-0.3567,-0.3655,-0.0088,0.0017,2.47,0.0257,0.000389094232172022,0.800069060773481,0.0043,0.816988950276243,0.0041,0.1602,0.116,1.381,81.7,0.41,80.01,0.43
"0.4",18,"Moderate","CITS_0.4_constant",8688,8688,0,-0.3567,-0.3649,-0.0082,0.0017,2.3,0.0251,0.000388821474901171,0.799148250460405,0.0043,0.821247697974217,0.0041,0.1584,0.1157,1.3691,82.12,0.41,79.91,0.43
"0.4",18,"Moderate","CITS_spill_3pct",8688,8688,0,-0.3567,-0.2596,0.0971,0.0017,27.22,0.0352,0.000501152292385703,0.709944751381215,0.0049,0.612914364640884,0.0052,0.1604,0.1159,1.384,61.29,0.52,70.99,0.49
"0.4",18,"Moderate","Trd",8688,8688,0,-0.3567,-0.3416,0.0151,0.0044,4.23,0.1661,0.00253978991056314,0.729972375690608,0.0048,0.407573664825046,0.0053,0.4073,0.2597,1.5683,40.76,0.53,73,0.48
"0.4",18,"Large","CITS",8688,8688,0,-0.5108,-0.5205,-0.0097,0.0017,1.9,0.0257,0.000394911400911923,0.798687845303867,0.0043,0.96005985267035,0.0021,0.16,0.1157,1.3829,96.01,0.21,79.87,0.43
"0.4",18,"Large","CITS_0.4_constant",8688,8688,0,-0.5108,-0.5221,-0.0113,0.0017,2.21,0.0256,0.000389038668890399,0.796270718232044,0.0043,0.961786372007366,0.0021,0.1597,0.1158,1.3791,96.18,0.21,79.63,0.43
"0.4",18,"Large","CITS_spill_3pct",8688,8688,0,-0.5108,-0.4154,0.0954,0.0017,18.68,0.0349,0.000492319842335921,0.71005985267035,0.0049,0.883862799263352,0.0034,0.1606,0.1158,1.3869,88.39,0.34,71.01,0.49
"0.4",18,"Large","Trd",8688,8688,0,-0.5108,-0.4952,0.0156,0.0044,3.05,0.1671,0.00257682989391764,0.736648250460405,0.0047,0.529120626151013,0.0054,0.4085,0.2601,1.5705,52.91,0.54,73.66,0.47
"0.4",20,"Small","CITS",8688,8688,0,-0.0408,-0.0486,-0.0078,0.0016,19.12,0.0227,0.00034314062517114,0.807895948434622,0.0042,0.213397790055249,0.0044,0.1504,0.1106,1.3599,21.34,0.44,80.79,0.42
"0.4",20,"Small","CITS_0.4_constant",8688,8688,0,-0.0408,-0.0496,-0.0088,0.0016,21.57,0.023,0.000351170202161631,0.806054327808471,0.0042,0.215814917127072,0.0044,0.1514,0.111,1.364,21.58,0.44,80.61,0.42
"0.4",20,"Small","CITS_spill_3pct",8688,8688,0,-0.0408,0.0573,0.0981,0.0016,240.44,0.0325,0.000459501692386026,0.708908839779006,0.0049,0.231698895027624,0.0045,0.1513,0.1107,1.3668,23.17,0.45,70.89,0.49
"0.4",20,"Small","Trd",8688,8688,0,-0.0408,-0.0355,0.0053,0.0042,12.99,0.1506,0.0023386331420313,0.750230202578269,0.0046,0.24896408839779,0.0046,0.3881,0.257,1.5101,24.9,0.46,75.02,0.46
"0.4",20,"Moderate","CITS",8688,8688,0,-0.3567,-0.3649,-0.0082,0.0016,2.3,0.0229,0.000352302245450318,0.808126151012891,0.0042,0.840814917127072,0.0039,0.1512,0.1115,1.3561,84.08,0.39,80.81,0.42
"0.4",20,"Moderate","CITS_0.4_constant",8688,8688,0,-0.3567,-0.3662,-0.0095,0.0016,2.66,0.023,0.000352706330023476,0.803752302025783,0.0043,0.843116942909761,0.0039,0.1513,0.1113,1.3594,84.31,0.39,80.38,0.43
"0.4",20,"Moderate","CITS_spill_3pct",8688,8688,0,-0.3567,-0.26,0.0967,0.0016,27.11,0.0322,0.000459084302765547,0.715814917127072,0.0048,0.637430939226519,0.0052,0.151,0.1116,1.353,63.74,0.52,71.58,0.48
"0.4",20,"Moderate","Trd",8688,8688,0,-0.3567,-0.3413,0.0154,0.0042,4.32,0.156,0.00239343590194762,0.742863720073665,0.0047,0.40170349907919,0.0053,0.3947,0.2569,1.5364,40.17,0.53,74.29,0.47
"0.4",20,"Large","CITS",8688,8688,0,-0.5108,-0.5198,-0.009,0.0016,1.76,0.0226,0.000342219330211552,0.807665745856354,0.0042,0.972030386740331,0.0018,0.15,0.1109,1.3526,97.2,0.18,80.77,0.42
"0.4",20,"Large","CITS_0.4_constant",8688,8688,0,-0.5108,-0.5217,-0.0109,0.0016,2.13,0.0227,0.00035123827868921,0.806744935543278,0.0042,0.970649171270718,0.0018,0.1503,0.111,1.3541,97.06,0.18,80.67,0.42
"0.4",20,"Large","CITS_spill_3pct",8688,8688,0,-0.5108,-0.4156,0.0952,0.0016,18.64,0.0316,0.000456775153215899,0.715930018416206,0.0048,0.905386740331492,0.0031,0.1503,0.1108,1.3565,90.54,0.31,71.59,0.48
"0.4",20,"Large","Trd",8688,8688,0,-0.5108,-0.498,0.0128,0.0042,2.51,0.1554,0.00234285984345696,0.743439226519337,0.0047,0.540860957642726,0.0053,0.394,0.2553,1.5433,54.09,0.53,74.34,0.47
"0.4",24,"Small","CITS",8688,8688,0,-0.0408,-0.0471,-0.0063,0.0015,15.44,0.0185,0.000285097279232306,0.829189686924494,0.004,0.193139963167587,0.0042,0.1358,0.1024,1.3262,19.31,0.42,82.92,0.4
"0.4",24,"Small","CITS_0.4_constant",8688,8688,0,-0.0408,-0.0474,-0.0066,0.0014,16.18,0.0183,0.000278601150249385,0.83091620626151,0.004,0.192219152854512,0.0042,0.1351,0.1027,1.3155,19.22,0.42,83.09,0.4
"0.4",24,"Small","CITS_spill_3pct",8688,8688,0,-0.0408,0.0579,0.0987,0.0015,241.91,0.0281,0.000395609566197635,0.708678637200737,0.0049,0.217541436464088,0.0044,0.1357,0.1025,1.3239,21.75,0.44,70.87,0.49
"0.4",24,"Small","Trd",8688,8688,0,-0.0408,-0.0268,0.014,0.004,34.31,0.137,0.00210834236246906,0.76427255985267,0.0046,0.236533149171271,0.0046,0.3699,0.2508,1.4749,23.65,0.46,76.43,0.46
"0.4",24,"Moderate","CITS",8688,8688,0,-0.3567,-0.3674,-0.0107,0.0015,3,0.0187,0.000286066805154351,0.825391344383057,0.0041,0.890883977900553,0.0033,0.1362,0.1023,1.3314,89.09,0.33,82.54,0.41
"0.4",24,"Moderate","CITS_0.4_constant",8688,8688,0,-0.3567,-0.3667,-0.01,0.0015,2.8,0.0184,0.00027901001808986,0.828038674033149,0.004,0.888006445672192,0.0034,0.1353,0.1027,1.3174,88.8,0.34,82.8,0.4
"0.4",24,"Moderate","CITS_spill_3pct",8688,8688,0,-0.3567,-0.2623,0.0944,0.0015,26.46,0.0274,0.000386654320838079,0.714548802946593,0.0048,0.695672191528545,0.0049,0.1361,0.1023,1.3304,69.57,0.49,71.45,0.48
"0.4",24,"Moderate","Trd",8688,8688,0,-0.3567,-0.3453,0.0114,0.004,3.2,0.1386,0.00208627680770889,0.758977900552486,0.0046,0.407228360957643,0.0053,0.3721,0.2497,1.4902,40.72,0.53,75.9,0.46
"0.4",24,"Large","CITS",8688,8688,0,-0.5108,-0.5212,-0.0104,0.0015,2.04,0.0184,0.000288052006401006,0.830801104972376,0.004,0.988144567219153,0.0012,0.1352,0.1029,1.3139,98.81,0.12,83.08,0.4
"0.4",24,"Large","CITS_0.4_constant",8688,8688,0,-0.5108,-0.5205,-0.0097,0.0014,1.9,0.0183,0.000280093218194977,0.82780847145488,0.0041,0.988835174953959,0.0011,0.1348,0.1026,1.3138,98.88,0.11,82.78,0.41
"0.4",24,"Large","CITS_spill_3pct",8688,8688,0,-0.5108,-0.4156,0.0952,0.0014,18.64,0.0272,0.000385389973362735,0.717656537753223,0.0048,0.942564456721915,0.0025,0.1348,0.103,1.3087,94.26,0.25,71.77,0.48
"0.4",24,"Large","Trd",8688,8688,0,-0.5108,-0.4915,0.0193,0.004,3.78,0.1417,0.00216942425640094,0.756445672191529,0.0046,0.544889502762431,0.0053,0.376,0.2502,1.5028,54.49,0.53,75.64,0.46
"0.4",28,"Small","CITS",8688,8688,0,-0.0408,-0.0456,-0.0048,0.0013,11.76,0.0154,0.000231892706432266,0.839779005524862,0.0039,0.1875,0.0042,0.1242,0.0955,1.3005,18.75,0.42,83.98,0.39
"0.4",28,"Small","CITS_0.4_constant",8688,8688,0,-0.0408,-0.0466,-0.0058,0.0013,14.22,0.0157,0.000240758407511574,0.83402394106814,0.004,0.188996316758748,0.0042,0.125,0.0955,1.3089,18.9,0.42,83.4,0.4
"0.4",28,"Small","CITS_spill_3pct",8688,8688,0,-0.0408,0.0594,0.1002,0.0013,245.59,0.0255,0.00035166216902954,0.70073664825046,0.0049,0.215814917127072,0.0044,0.1243,0.0953,1.3043,21.58,0.44,70.07,0.49
"0.4",28,"Small","Trd",8688,8688,0,-0.0408,-0.0324,0.0084,0.0038,20.59,0.1255,0.00187640630425667,0.787638121546961,0.0044,0.211210865561694,0.0044,0.3542,0.2509,1.4117,21.12,0.44,78.76,0.44
"0.4",28,"Moderate","CITS",8688,8688,0,-0.3567,-0.3647,-0.008,0.0014,2.24,0.0162,0.00024899554060303,0.833333333333333,0.004,0.919198895027624,0.0029,0.1268,0.0961,1.3195,91.92,0.29,83.33,0.4
"0.4",28,"Moderate","CITS_0.4_constant",8688,8688,0,-0.3567,-0.3645,-0.0078,0.0013,2.19,0.0159,0.000241188173739576,0.833908839779006,0.004,0.918968692449355,0.0029,0.1257,0.096,1.3094,91.9,0.29,83.39,0.4
"0.4",28,"Moderate","CITS_spill_3pct",8688,8688,0,-0.3567,-0.2598,0.0969,0.0014,27.17,0.0254,0.00035232082973775,0.710290055248619,0.0049,0.731008287292818,0.0048,0.1266,0.0964,1.3133,73.1,0.48,71.03,0.49
"0.4",28,"Moderate","Trd",8688,8688,0,-0.3567,-0.3448,0.0119,0.0039,3.34,0.1312,0.00199418550401948,0.776358195211786,0.0045,0.393761510128913,0.0052,0.362,0.2509,1.4428,39.38,0.52,77.64,0.45
"0.4",28,"Large","CITS",8688,8688,0,-0.5108,-0.517,-0.0062,0.0013,1.21,0.0156,0.000237176851611099,0.828153775322284,0.004,0.99378453038674,8e-04,0.1247,0.0954,1.3071,99.38,0.08,82.82,0.4
"0.4",28,"Large","CITS_0.4_constant",8688,8688,0,-0.5108,-0.5179,-0.0071,0.0013,1.39,0.0154,0.000235100525802395,0.840354511970534,0.0039,0.995050644567219,8e-04,0.1241,0.0959,1.2941,99.51,0.08,84.04,0.39
"0.4",28,"Large","CITS_spill_3pct",8688,8688,0,-0.5108,-0.4116,0.0992,0.0013,19.42,0.0253,0.000348809622316743,0.703959484346225,0.0049,0.960174953959484,0.0021,0.1244,0.0954,1.304,96.02,0.21,70.4,0.49
"0.4",28,"Large","Trd",8688,8688,0,-0.5108,-0.5,0.0108,0.0039,2.11,0.1323,0.00205193926253422,0.777969613259669,0.0045,0.545810313075506,0.0053,0.3635,0.2499,1.4546,54.58,0.53,77.8,0.45
"0.4",32,"Small","CITS",8688,8688,0,-0.0408,-0.0468,-0.006,0.0012,14.71,0.013,0.000200962952328611,0.851979742173112,0.0038,0.181054327808471,0.0041,0.1138,0.0899,1.2659,18.11,0.41,85.2,0.38
"0.4",32,"Small","CITS_0.4_constant",8688,8688,0,-0.0408,-0.0461,-0.0053,0.0012,12.99,0.0132,0.000203206249827694,0.850483425414365,0.0038,0.177946593001842,0.0041,0.1146,0.0901,1.2719,17.79,0.41,85.05,0.38
"0.4",32,"Small","CITS_spill_3pct",8688,8688,0,-0.0408,0.0591,0.0999,0.0012,244.85,0.0228,0.000306900385570164,0.698089318600368,0.0049,0.203153775322284,0.0043,0.1135,0.09,1.2611,20.32,0.43,69.81,0.49
"0.4",32,"Small","Trd",8688,8688,0,-0.0408,-0.0347,0.0061,0.0037,14.95,0.1189,0.00184250802434517,0.796961325966851,0.0043,0.205455801104972,0.0043,0.3448,0.2462,1.4005,20.55,0.43,79.7,0.43
"0.4",32,"Moderate","CITS",8688,8688,0,-0.3567,-0.3651,-0.0084,0.0012,2.35,0.0134,0.000203245647990923,0.843001841620626,0.0039,0.950276243093923,0.0023,0.1155,0.0899,1.2848,95.03,0.23,84.3,0.39
"0.4",32,"Moderate","CITS_0.4_constant",8688,8688,0,-0.3567,-0.3649,-0.0082,0.0012,2.3,0.0134,0.000204313922674892,0.842771639042357,0.0039,0.946132596685083,0.0024,0.1156,0.0898,1.2873,94.61,0.24,84.28,0.39
"0.4",32,"Moderate","CITS_spill_3pct",8688,8688,0,-0.3567,-0.2601,0.0966,0.0012,27.08,0.0227,0.000308069598710216,0.708678637200737,0.0049,0.771869244935543,0.0045,0.1158,0.09,1.2867,77.19,0.45,70.87,0.49
"0.4",32,"Moderate","Trd",8688,8688,0,-0.3567,-0.3448,0.0119,0.0037,3.34,0.1208,0.00183804181836151,0.785681399631676,0.0044,0.395027624309392,0.0052,0.3473,0.2457,1.4135,39.5,0.52,78.57,0.44
"0.4",32,"Large","CITS",8688,8688,0,-0.5108,-0.5182,-0.0074,0.0012,1.45,0.0136,0.000209173387955695,0.847720994475138,0.0039,0.997582872928177,5e-04,0.1163,0.0906,1.2837,99.76,0.05,84.77,0.39
"0.4",32,"Large","CITS_0.4_constant",8688,8688,0,-0.5108,-0.5187,-0.0079,0.0012,1.55,0.0135,0.000207452993018316,0.847951197053407,0.0039,0.997467771639042,5e-04,0.1159,0.0908,1.2764,99.75,0.05,84.8,0.39
"0.4",32,"Large","CITS_spill_3pct",8688,8688,0,-0.5108,-0.4123,0.0985,0.0012,19.28,0.0231,0.000315855592707401,0.705801104972376,0.0049,0.973756906077348,0.0017,0.1159,0.0905,1.2807,97.38,0.17,70.58,0.49
"0.4",32,"Large","Trd",8688,8688,0,-0.5108,-0.5023,0.0085,0.0037,1.66,0.1222,0.00187909172502028,0.786372007366482,0.0044,0.551795580110497,0.0053,0.3494,0.2448,1.4273,55.18,0.53,78.64,0.44
"0.4",36,"Small","CITS",8688,8688,0,-0.0408,-0.0463,-0.0055,0.0012,13.48,0.0116,0.000178579043083996,0.848987108655617,0.0038,0.178982504604052,0.0041,0.1078,0.0849,1.2697,17.9,0.41,84.9,0.38
"0.4",36,"Small","CITS_0.4_constant",8688,8688,0,-0.0408,-0.046,-0.0052,0.0012,12.75,0.0117,0.00017361679745945,0.851749539594843,0.0038,0.17817679558011,0.0041,0.1081,0.0851,1.2703,17.82,0.41,85.17,0.38
"0.4",36,"Small","CITS_spill_3pct",8688,8688,0,-0.0408,0.0587,0.0995,0.0012,243.87,0.0216,0.000285794521493117,0.689917127071823,0.005,0.210405156537753,0.0044,0.1081,0.085,1.2718,21.04,0.44,68.99,0.5
"0.4",36,"Small","Trd",8688,8688,0,-0.0408,-0.0311,0.0097,0.0036,23.77,0.1147,0.00171849268012074,0.809622467771639,0.0042,0.190953038674033,0.0042,0.3386,0.2498,1.3555,19.1,0.42,80.96,0.42
"0.4",36,"Moderate","CITS",8688,8688,0,-0.3567,-0.362,-0.0053,0.0012,1.49,0.0118,0.000180347632151317,0.851979742173112,0.0038,0.958103130755064,0.0021,0.1086,0.0856,1.2687,95.81,0.21,85.2,0.38
"0.4",36,"Moderate","CITS_0.4_constant",8688,8688,0,-0.3567,-0.3624,-0.0057,0.0012,1.6,0.0116,0.000177088241878239,0.856813996316759,0.0038,0.962016574585635,0.0021,0.1078,0.0854,1.2623,96.2,0.21,85.68,0.38
"0.4",36,"Moderate","CITS_spill_3pct",8688,8688,0,-0.3567,-0.2569,0.0998,0.0012,27.98,0.0218,0.00029355682812822,0.689341620626151,0.005,0.803291896869245,0.0043,0.109,0.0856,1.2734,80.33,0.43,68.93,0.5
"0.4",36,"Moderate","Trd",8688,8688,0,-0.3567,-0.3516,0.0051,0.0037,1.43,0.1166,0.00178087733764539,0.804327808471455,0.0043,0.39652394106814,0.0052,0.3415,0.2466,1.3848,39.65,0.52,80.43,0.43
"0.4",36,"Large","CITS",8688,8688,0,-0.5108,-0.5169,-0.0061,0.0012,1.19,0.0118,0.000179318679448318,0.856813996316759,0.0038,0.99896408839779,3e-04,0.1084,0.0858,1.2634,99.9,0.03,85.68,0.38
"0.4",36,"Large","CITS_0.4_constant",8688,8688,0,-0.5108,-0.5166,-0.0058,0.0012,1.14,0.0118,0.000180784032616941,0.856008287292818,0.0038,0.999079189686924,3e-04,0.1086,0.0859,1.2643,99.91,0.03,85.6,0.38
"0.4",36,"Large","CITS_spill_3pct",8688,8688,0,-0.5108,-0.4111,0.0997,0.0012,19.52,0.0217,0.000294171503698529,0.697053406998158,0.0049,0.985382136279926,0.0013,0.1083,0.0858,1.2622,98.54,0.13,69.71,0.49
"0.4",36,"Large","Trd",8688,8688,0,-0.5108,-0.5055,0.0053,0.0036,1.04,0.1152,0.00179315861602395,0.811118784530387,0.0042,0.553522099447514,0.0053,0.3394,0.2464,1.3774,55.35,0.53,81.11,0.42
"0.4",40,"Small","CITS",8688,8688,0,-0.0408,-0.0451,-0.0043,0.0011,10.54,0.0102,0.000153746832910089,0.862914364640884,0.0037,0.17115561694291,0.004,0.1008,0.0813,1.2399,17.12,0.4,86.29,0.37
"0.4",40,"Small","CITS_0.4_constant",8688,8688,0,-0.0408,-0.0453,-0.0045,0.0011,11.03,0.0102,0.0001544873228788,0.863374769797422,0.0037,0.171731123388582,0.004,0.1007,0.0813,1.2386,17.17,0.4,86.34,0.37
"0.4",40,"Small","CITS_spill_3pct",8688,8688,0,-0.0408,0.0606,0.1014,0.0011,248.53,0.0204,0.000264578507989511,0.684967771639042,0.005,0.207757826887661,0.0044,0.1008,0.0813,1.2399,20.78,0.44,68.5,0.5
"0.4",40,"Small","Trd",8688,8688,0,-0.0408,-0.0407,1e-04,0.0036,0.25,0.1127,0.00173526986233865,0.816068139963168,0.0042,0.184507366482505,0.0042,0.3357,0.2485,1.3509,18.45,0.42,81.61,0.42
"0.4",40,"Moderate","CITS",8688,8688,0,-0.3567,-0.3637,-0.007,0.0011,1.96,0.0106,0.000160512929266478,0.860957642725598,0.0037,0.972720994475138,0.0017,0.1028,0.0818,1.2567,97.27,0.17,86.1,0.37
"0.4",40,"Moderate","CITS_0.4_constant",8688,8688,0,-0.3567,-0.3631,-0.0064,0.0011,1.79,0.0105,0.000158872487330405,0.86279926335175,0.0037,0.975023020257827,0.0017,0.1022,0.0815,1.254,97.5,0.17,86.28,0.37
"0.4",40,"Moderate","CITS_spill_3pct",8688,8688,0,-0.3567,-0.2584,0.0983,0.0011,27.56,0.0202,0.000271552788189086,0.688996316758748,0.005,0.83402394106814,0.004,0.1029,0.0819,1.2564,83.4,0.4,68.9,0.5
"0.4",40,"Moderate","Trd",8688,8688,0,-0.3567,-0.3504,0.0063,0.0036,1.77,0.1126,0.00172392264776434,0.820096685082873,0.0041,0.383862799263352,0.0052,0.3355,0.2478,1.3539,38.39,0.52,82.01,0.41
"0.4",40,"Large","CITS",8688,8688,0,-0.5108,-0.5188,-0.008,0.0011,1.57,0.0107,0.00016278320288731,0.860957642725598,0.0037,0.999654696132597,2e-04,0.1032,0.0815,1.2663,99.97,0.02,86.1,0.37
"0.4",40,"Large","CITS_0.4_constant",8688,8688,0,-0.5108,-0.5179,-0.0071,0.0011,1.39,0.0107,0.000161378275336374,0.858080110497238,0.0037,0.999424493554328,3e-04,0.1031,0.0814,1.2666,99.94,0.03,85.81,0.37
"0.4",40,"Large","CITS_spill_3pct",8688,8688,0,-0.5108,-0.413,0.0978,0.0011,19.15,0.0202,0.000268186102271652,0.688766114180479,0.005,0.991022099447514,0.001,0.1032,0.0817,1.2632,99.1,0.1,68.88,0.5
"0.4",40,"Large","Trd",8688,8688,0,-0.5108,-0.505,0.0058,0.0036,1.14,0.1146,0.0017441569663691,0.812730202578269,0.0042,0.554442909760589,0.0053,0.3385,0.246,1.376,55.44,0.53,81.27,0.42
"0.4",44,"Small","CITS",8688,8688,0,-0.0408,-0.0435,-0.0027,0.001,6.62,0.0092,0.000140972145788938,0.865791896869245,0.0037,0.170580110497238,0.004,0.096,0.0776,1.2371,17.06,0.4,86.58,0.37
"0.4",44,"Small","CITS_0.4_constant",8688,8688,0,-0.0408,-0.0441,-0.0033,0.001,8.09,0.0092,0.000139696704422422,0.867633517495396,0.0036,0.168508287292818,0.004,0.0958,0.0776,1.2345,16.85,0.4,86.76,0.36
"0.4",44,"Small","CITS_spill_3pct",8688,8688,0,-0.0408,0.0618,0.1026,0.001,251.47,0.0196,0.000247558054552043,0.662177716390424,0.0051,0.212016574585635,0.0044,0.0955,0.0776,1.2307,21.2,0.44,66.22,0.51
"0.4",44,"Small","Trd",8688,8688,0,-0.0408,-0.0335,0.0073,0.0035,17.89,0.1043,0.00164746914044467,0.817909760589319,0.0041,0.185543278084715,0.0042,0.3229,0.2392,1.3499,18.55,0.42,81.79,0.41
"0.4",44,"Moderate","CITS",8688,8688,0,-0.3567,-0.3636,-0.0069,0.001,1.93,0.0096,0.000148972797453422,0.864295580110497,0.0037,0.983195211786372,0.0014,0.0975,0.078,1.25,98.32,0.14,86.43,0.37
"0.4",44,"Moderate","CITS_0.4_constant",8688,8688,0,-0.3567,-0.3623,-0.0056,0.001,1.57,0.0094,0.000142140740002049,0.861533149171271,0.0037,0.985957642725598,0.0013,0.0966,0.0779,1.2401,98.6,0.13,86.15,0.37
"0.4",44,"Moderate","CITS_spill_3pct",8688,8688,0,-0.3567,-0.2579,0.0988,0.001,27.7,0.0192,0.000250108528041567,0.674723756906077,0.005,0.863029465930018,0.0037,0.097,0.0781,1.242,86.3,0.37,67.47,0.5
"0.4",44,"Moderate","Trd",8688,8688,0,-0.3567,-0.3456,0.0111,0.0035,3.11,0.1056,0.00160576031126906,0.80939226519337,0.0042,0.39652394106814,0.0052,0.3248,0.2367,1.3722,39.65,0.52,80.94,0.42
"0.4",44,"Large","CITS",8688,8688,0,-0.5108,-0.518,-0.0072,0.001,1.41,0.0095,0.000143917522224167,0.863144567219153,0.0037,0.999884898710866,1e-04,0.0971,0.078,1.2449,99.99,0.01,86.31,0.37
"0.4",44,"Large","CITS_0.4_constant",8688,8688,0,-0.5108,-0.5173,-0.0065,0.001,1.27,0.0094,0.000142203972999057,0.865101289134438,0.0037,0.999769797421731,2e-04,0.097,0.078,1.2436,99.98,0.02,86.51,0.37
"0.4",44,"Large","CITS_spill_3pct",8688,8688,0,-0.5108,-0.4127,0.0981,0.001,19.21,0.0191,0.000246481506441321,0.677486187845304,0.005,0.995971454880295,7e-04,0.0974,0.0781,1.2471,99.6,0.07,67.75,0.5
"0.4",44,"Large","Trd",8688,8688,0,-0.5108,-0.5077,0.0031,0.0035,0.61,0.1048,0.00157307480938062,0.811809392265193,0.0042,0.576542357274402,0.0053,0.3237,0.239,1.3544,57.65,0.53,81.18,0.42
"0.4",48,"Small","CITS",8688,8688,0,-0.0408,-0.0447,-0.0039,0.001,9.56,0.0085,0.00012843314042336,0.867403314917127,0.0036,0.167702578268877,0.004,0.0919,0.0745,1.2336,16.77,0.4,86.74,0.36
"0.4",48,"Small","CITS_0.4_constant",8688,8688,0,-0.0408,-0.0443,-0.0035,0.001,8.58,0.0083,0.00012464351358199,0.870050644567219,0.0036,0.166206261510129,0.004,0.0909,0.0742,1.2251,16.62,0.4,87.01,0.36
"0.4",48,"Small","CITS_spill_3pct",8688,8688,0,-0.0408,0.061,0.1018,0.001,249.51,0.0188,0.000236200154959263,0.654235727440147,0.0051,0.216735727440147,0.0044,0.0918,0.0745,1.2322,21.67,0.44,65.42,0.51
"0.4",48,"Small","Trd",8688,8688,0,-0.0408,-0.0365,0.0043,0.0033,10.54,0.0958,0.00149135071149007,0.822744014732965,0.0041,0.180018416206262,0.0041,0.3095,0.2329,1.3289,18,0.41,82.27,0.41
"0.4",48,"Moderate","CITS",8688,8688,0,-0.3567,-0.3634,-0.0067,0.001,1.88,0.0087,0.000134503670256475,0.864295580110497,0.0037,0.989755985267035,0.0011,0.0931,0.0749,1.243,98.98,0.11,86.43,0.37
"0.4",48,"Moderate","CITS_0.4_constant",8688,8688,0,-0.3567,-0.3629,-0.0062,0.001,1.74,0.0086,0.000132143896953548,0.87085635359116,0.0036,0.989065377532228,0.0011,0.0927,0.0748,1.2393,98.91,0.11,87.09,0.36
"0.4",48,"Moderate","CITS_spill_3pct",8688,8688,0,-0.3567,-0.2582,0.0985,0.001,27.61,0.0184,0.000236116720034672,0.669659300184162,0.005,0.885704419889503,0.0034,0.0931,0.0749,1.243,88.57,0.34,66.97,0.5
"0.4",48,"Moderate","Trd",8688,8688,0,-0.3567,-0.3575,-8e-04,0.0034,0.22,0.099,0.00153041973199004,0.817334254143646,0.0041,0.411141804788214,0.0053,0.3147,0.2314,1.36,41.11,0.53,81.73,0.41
"0.4",48,"Large","CITS",8688,8688,0,-0.5108,-0.5183,-0.0075,0.001,1.47,0.0086,0.000131326050839611,0.873618784530387,0.0036,0.999884898710866,1e-04,0.0922,0.075,1.2293,99.99,0.01,87.36,0.36
"0.4",48,"Large","CITS_0.4_constant",8688,8688,0,-0.5108,-0.5183,-0.0075,0.001,1.47,0.0085,0.000133772102739743,0.873043278084715,0.0036,0.999884898710866,1e-04,0.0921,0.0751,1.2264,99.99,0.01,87.3,0.36
"0.4",48,"Large","CITS_spill_3pct",8688,8688,0,-0.5108,-0.4131,0.0977,0.001,19.13,0.0181,0.000229762977141285,0.666091160220994,0.0051,0.997007366482505,6e-04,0.0922,0.075,1.2293,99.7,0.06,66.61,0.51
"0.4",48,"Large","Trd",8688,8688,0,-0.5108,-0.4999,0.0109,0.0034,2.13,0.0978,0.00146381379532292,0.820326887661142,0.0041,0.58195211786372,0.0053,0.3126,0.2325,1.3445,58.2,0.53,82.03,0.41
"0.4",52,"Small","CITS",8688,8688,0,-0.0408,-0.0459,-0.0051,9e-04,12.5,0.0076,0.000115270340036231,0.874654696132597,0.0036,0.170580110497238,0.004,0.0873,0.0718,1.2159,17.06,0.4,87.47,0.36
"0.4",52,"Small","CITS_0.4_constant",8688,8688,0,-0.0408,-0.0454,-0.0046,9e-04,11.27,0.0077,0.000118463860028555,0.874654696132597,0.0036,0.171961325966851,0.004,0.0877,0.0717,1.2232,17.2,0.4,87.47,0.36
"0.4",52,"Small","CITS_spill_3pct",8688,8688,0,-0.0408,0.0591,0.0999,9e-04,244.85,0.0176,0.000218235510542095,0.65377532228361,0.0051,0.21005985267035,0.0044,0.0872,0.0718,1.2145,21.01,0.44,65.38,0.51
"0.4",52,"Small","Trd",8688,8688,0,-0.0408,-0.0345,0.0063,0.0033,15.44,0.0939,0.00141874397832735,0.828383977900553,0.004,0.176680478821363,0.0041,0.3063,0.2322,1.3191,17.67,0.41,82.84,0.4
"0.4",52,"Moderate","CITS",8688,8688,0,-0.3567,-0.3632,-0.0065,0.001,1.82,0.008,0.000120566072955594,0.869590239410681,0.0036,0.993209023941068,9e-04,0.0892,0.0721,1.2372,99.32,0.09,86.96,0.36
"0.4",52,"Moderate","CITS_0.4_constant",8688,8688,0,-0.3567,-0.3643,-0.0076,0.001,2.13,0.008,0.000121734576973907,0.867518416206261,0.0036,0.992058011049724,0.001,0.0894,0.072,1.2417,99.21,0.1,86.75,0.36
"0.4",52,"Moderate","CITS_spill_3pct",8688,8688,0,-0.3567,-0.258,0.0987,0.001,27.67,0.0177,0.000220208531232881,0.648020257826888,0.0051,0.906192449355433,0.0031,0.0892,0.0721,1.2372,90.62,0.31,64.8,0.51
"0.4",52,"Moderate","Trd",8688,8688,0,-0.3567,-0.3506,0.0061,0.0033,1.71,0.0948,0.0014220405888975,0.825851749539595,0.0041,0.404465930018416,0.0053,0.3078,0.2314,1.3302,40.45,0.53,82.59,0.41
"0.4",52,"Large","CITS",8688,8688,0,-0.5108,-0.5159,-0.0051,0.001,1,0.008,0.000124201154580344,0.86774861878453,0.0036,1,0,0.0894,0.0719,1.2434,100,0,86.77,0.36
"0.4",52,"Large","CITS_0.4_constant",8688,8688,0,-0.5108,-0.5158,-0.005,0.001,0.98,0.0081,0.000123305191754464,0.863374769797422,0.0037,0.999884898710866,1e-04,0.0897,0.0721,1.2441,99.99,0.01,86.34,0.37
"0.4",52,"Large","CITS_spill_3pct",8688,8688,0,-0.5108,-0.4108,0.1,0.001,19.58,0.018,0.000227366795888724,0.652279005524862,0.0051,0.998273480662983,4e-04,0.0895,0.0721,1.2413,99.83,0.04,65.23,0.51
"0.4",52,"Large","Trd",8688,8688,0,-0.5108,-0.5114,-6e-04,0.0033,0.12,0.0955,0.00149490720217738,0.826197053406998,0.0041,0.589894106813996,0.0053,0.309,0.2328,1.3273,58.99,0.53,82.62,0.41
"0.4",56,"Small","CITS",8688,8688,0,-0.0408,-0.0454,-0.0046,9e-04,11.27,0.0073,0.000111308677866143,0.870395948434622,0.0036,0.17426335174954,0.0041,0.0854,0.0691,1.2359,17.43,0.41,87.04,0.36
"0.4",56,"Small","CITS_0.4_constant",8688,8688,0,-0.0408,-0.0459,-0.0051,9e-04,12.5,0.0074,0.000112524768386605,0.869475138121547,0.0036,0.175644567219153,0.0041,0.0857,0.0691,1.2402,17.56,0.41,86.95,0.36
"0.4",56,"Small","CITS_spill_3pct",8688,8688,0,-0.0408,0.0596,0.1004,9e-04,246.08,0.0174,0.000212742007804679,0.632826887661142,0.0052,0.223756906077348,0.0045,0.0854,0.0692,1.2341,22.38,0.45,63.28,0.52
"0.4",56,"Small","Trd",8688,8688,0,-0.0408,-0.0394,0.0014,0.0032,3.43,0.0868,0.00134589920222595,0.840814917127072,0.0039,0.164709944751381,0.004,0.2946,0.2273,1.2961,16.47,0.4,84.08,0.39
"0.4",56,"Moderate","CITS",8688,8688,0,-0.3567,-0.3628,-0.0061,9e-04,1.71,0.0071,0.000107384501437076,0.880294659300184,0.0035,0.995165745856354,7e-04,0.0841,0.0693,1.2136,99.52,0.07,88.03,0.35
"0.4",56,"Moderate","CITS_0.4_constant",8688,8688,0,-0.3567,-0.3621,-0.0054,9e-04,1.51,0.0072,0.00010816682052773,0.871316758747698,0.0036,0.996316758747698,6e-04,0.0847,0.0694,1.2205,99.63,0.06,87.13,0.36
"0.4",56,"Moderate","CITS_spill_3pct",8688,8688,0,-0.3567,-0.2576,0.0991,9e-04,27.78,0.017,0.000210875319637493,0.648941068139963,0.0051,0.921500920810313,0.0029,0.0848,0.0695,1.2201,92.15,0.29,64.89,0.51
"0.4",56,"Moderate","Trd",8688,8688,0,-0.3567,-0.3513,0.0054,0.0033,1.51,0.0928,0.00141599392632473,0.827693370165746,0.0041,0.41390423572744,0.0053,0.3046,0.2282,1.3348,41.39,0.53,82.77,0.41
"0.4",56,"Large","CITS",8688,8688,0,-0.5108,-0.5183,-0.0075,9e-04,1.47,0.0075,0.000115438789589496,0.869475138121547,0.0036,1,0,0.0862,0.0695,1.2403,100,0,86.95,0.36
"0.4",56,"Large","CITS_0.4_constant",8688,8688,0,-0.5108,-0.5181,-0.0073,9e-04,1.43,0.0074,0.000111636376982172,0.870050644567219,0.0036,1,0,0.0856,0.0695,1.2317,100,0,87.01,0.36
"0.4",56,"Large","CITS_spill_3pct",8688,8688,0,-0.5108,-0.4128,0.098,9e-04,19.19,0.017,0.0002107390381697,0.642150092081031,0.0051,0.999309392265193,3e-04,0.0861,0.0697,1.2353,99.93,0.03,64.22,0.51
"0.4",56,"Large","Trd",8688,8688,0,-0.5108,-0.5057,0.0051,0.0032,1,0.0882,0.00133196623519907,0.832412523020258,0.004,0.60140423572744,0.0053,0.297,0.2277,1.3043,60.14,0.53,83.24,0.4
"0.4",60,"Small","CITS",8688,8688,0,-0.0408,-0.0457,-0.0049,9e-04,12.01,0.0067,0.00010135246867288,0.87914364640884,0.0035,0.177486187845304,0.0041,0.0814,0.0669,1.2167,17.75,0.41,87.91,0.35
"0.4",60,"Small","CITS_0.4_constant",8688,8688,0,-0.0408,-0.0454,-0.0046,9e-04,11.27,0.0067,0.000102733642909278,0.879949355432781,0.0035,0.176565377532228,0.0041,0.0818,0.067,1.2209,17.66,0.41,87.99,0.35
"0.4",60,"Small","CITS_spill_3pct",8688,8688,0,-0.0408,0.0594,0.1002,9e-04,245.59,0.0167,0.000198779742808102,0.620395948434622,0.0052,0.223066298342541,0.0045,0.0818,0.0669,1.2227,22.31,0.45,62.04,0.52
"0.4",60,"Small","Trd",8688,8688,0,-0.0408,-0.0351,0.0057,0.0031,13.97,0.0842,0.00126982097615099,0.839779005524862,0.0039,0.161947513812155,0.004,0.2901,0.2222,1.3056,16.19,0.4,83.98,0.39
"0.4",60,"Moderate","CITS",8688,8688,0,-0.3567,-0.3629,-0.0062,9e-04,1.74,0.007,0.000106891941657363,0.866597605893186,0.0036,0.997697974217311,5e-04,0.0837,0.0671,1.2474,99.77,0.05,86.66,0.36
"0.4",60,"Moderate","CITS_0.4_constant",8688,8688,0,-0.3567,-0.3627,-0.006,9e-04,1.68,0.007,0.000107136466490126,0.86671270718232,0.0036,0.996546961325967,6e-04,0.0837,0.067,1.2493,99.65,0.06,86.67,0.36
"0.4",60,"Moderate","CITS_spill_3pct",8688,8688,0,-0.3567,-0.2573,0.0994,9e-04,27.87,0.0169,0.000206949408247616,0.624079189686924,0.0052,0.929673112338858,0.0027,0.0835,0.0671,1.2444,92.97,0.27,62.41,0.52
"0.4",60,"Moderate","Trd",8688,8688,0,-0.3567,-0.353,0.0037,0.0031,1.04,0.0848,0.00129173916606875,0.834484346224678,0.004,0.419544198895028,0.0053,0.2911,0.2228,1.3066,41.95,0.53,83.45,0.4
"0.4",60,"Large","CITS",8688,8688,0,-0.5108,-0.5184,-0.0076,9e-04,1.49,0.0067,0.000102481961782813,0.877417127071823,0.0035,1,0,0.0812,0.067,1.2119,100,0,87.74,0.35
"0.4",60,"Large","CITS_0.4_constant",8688,8688,0,-0.5108,-0.5178,-0.007,9e-04,1.37,0.0068,0.000103243814487562,0.87603591160221,0.0035,1,0,0.0819,0.0672,1.2188,100,0,87.6,0.35
"0.4",60,"Large","CITS_spill_3pct",8688,8688,0,-0.5108,-0.4129,0.0979,9e-04,19.17,0.0162,0.000197829993166794,0.637776243093923,0.0052,0.999654696132597,2e-04,0.0812,0.0672,1.2083,99.97,0.02,63.78,0.52
"0.4",60,"Large","Trd",8688,8688,0,-0.5108,-0.5088,0.002,0.0032,0.39,0.0866,0.00132899418159579,0.831837016574586,0.004,0.614295580110497,0.0052,0.2943,0.2223,1.3239,61.43,0.52,83.18,0.4
"0.4",80,"Small","CITS",8688,8688,0,-0.0408,-0.0433,-0.0025,8e-04,6.13,0.0049,7.57507680434321e-05,0.887085635359116,0.0034,0.183241252302026,0.0042,0.0702,0.0581,1.2083,18.32,0.42,88.71,0.34
"0.4",80,"Small","CITS_0.4_constant",8688,8688,0,-0.0408,-0.0436,-0.0028,8e-04,6.86,0.005,7.65326665862697e-05,0.88720073664825,0.0034,0.179903314917127,0.0041,0.0704,0.0581,1.2117,17.99,0.41,88.72,0.34
"0.4",80,"Small","CITS_spill_3pct",8688,8688,0,-0.0408,0.0618,0.1026,8e-04,251.47,0.0155,0.00017442597627934,0.549953959484346,0.0053,0.249654696132597,0.0046,0.0705,0.0581,1.2134,24.97,0.46,55,0.53
"0.4",80,"Small","Trd",8688,8688,0,-0.0408,-0.0383,0.0025,0.0027,6.13,0.0652,0.000994304477541819,0.852670349907919,0.0038,0.15377532228361,0.0039,0.2553,0.2011,1.2695,15.38,0.39,85.27,0.38
"0.4",80,"Moderate","CITS",8688,8688,0,-0.3567,-0.3618,-0.0051,8e-04,1.43,0.0051,7.56229759410826e-05,0.879719152854512,0.0035,0.999769797421731,2e-04,0.0712,0.0584,1.2192,99.98,0.02,87.97,0.35
"0.4",80,"Moderate","CITS_0.4_constant",8688,8688,0,-0.3567,-0.3613,-0.0046,8e-04,1.29,0.0051,7.59394323549322e-05,0.883862799263352,0.0034,0.999309392265193,3e-04,0.0713,0.0585,1.2188,99.93,0.03,88.39,0.34
"0.4",80,"Moderate","CITS_spill_3pct",8688,8688,0,-0.3567,-0.2562,0.1005,8e-04,28.17,0.0152,0.000169750672803434,0.558931860036832,0.0053,0.977900552486188,0.0016,0.0714,0.0585,1.2205,97.79,0.16,55.89,0.53
"0.4",80,"Moderate","Trd",8688,8688,0,-0.3567,-0.3529,0.0038,0.0027,1.07,0.0655,0.000974345462787946,0.852785451197053,0.0038,0.459829650092081,0.0053,0.2559,0.2006,1.2757,45.98,0.53,85.28,0.38
"0.4",80,"Large","CITS",8688,8688,0,-0.5108,-0.5151,-0.0043,8e-04,0.84,0.0052,7.76687529300993e-05,0.877532228360958,0.0035,1,0,0.0719,0.0584,1.2312,100,0,87.75,0.35
"0.4",80,"Large","CITS_0.4_constant",8688,8688,0,-0.5108,-0.5153,-0.0045,8e-04,0.88,0.0052,7.7127009200559e-05,0.880870165745856,0.0035,1,0,0.0718,0.0585,1.2274,100,0,88.09,0.35
"0.4",80,"Large","CITS_spill_3pct",8688,8688,0,-0.5108,-0.4097,0.1011,8e-04,19.79,0.0154,0.000174769534774463,0.561348987108656,0.0053,0.999884898710866,1e-04,0.0719,0.0585,1.2291,99.99,0.01,56.13,0.53
"0.4",80,"Large","Trd",8688,8688,0,-0.5108,-0.5079,0.0029,0.0028,0.57,0.0672,0.00101910222766292,0.848066298342541,0.0039,0.677601289134438,0.005,0.2592,0.2013,1.2876,67.76,0.5,84.81,0.39
"0.4",100,"Small","CITS",8688,8688,0,-0.0408,-0.0444,-0.0036,7e-04,8.82,0.004,6.02369158486711e-05,0.892725598526704,0.0033,0.182550644567219,0.0041,0.0629,0.0537,1.1713,18.26,0.41,89.27,0.33
"0.4",100,"Small","CITS_0.4_constant",8688,8688,0,-0.0408,-0.0447,-0.0039,7e-04,9.56,0.004,6.11280192779076e-05,0.890883977900553,0.0033,0.189341620626151,0.0042,0.0635,0.0539,1.1781,18.93,0.42,89.09,0.33
"0.4",100,"Small","CITS_spill_3pct",8688,8688,0,-0.0408,0.0609,0.1017,7e-04,249.26,0.0143,0.000150658156873428,0.512776243093923,0.0054,0.257366482504604,0.0047,0.063,0.0538,1.171,25.74,0.47,51.28,0.54
"0.4",100,"Small","Trd",8688,8688,0,-0.0408,-0.0412,-4e-04,0.0025,0.98,0.0526,0.000792420294768519,0.860842541436464,0.0037,0.143761510128913,0.0038,0.2295,0.1854,1.2379,14.38,0.38,86.08,0.37
"0.4",100,"Moderate","CITS",8688,8688,0,-0.3567,-0.3626,-0.0059,7e-04,1.65,0.0041,6.24973690830287e-05,0.895142725598527,0.0033,1,0,0.0634,0.0539,1.1763,100,0,89.51,0.33
"0.4",100,"Moderate","CITS_0.4_constant",8688,8688,0,-0.3567,-0.3626,-0.0059,7e-04,1.65,0.0041,6.41998059950144e-05,0.894221915285451,0.0033,1,0,0.0636,0.054,1.1778,100,0,89.42,0.33
"0.4",100,"Moderate","CITS_spill_3pct",8688,8688,0,-0.3567,-0.2574,0.0993,7e-04,27.84,0.0139,0.000147073202935134,0.533609576427256,0.0054,0.991022099447514,0.001,0.0633,0.054,1.1722,99.1,0.1,53.36,0.54
"0.4",100,"Moderate","Trd",8688,8688,0,-0.3567,-0.3556,0.0011,0.0025,0.31,0.0526,0.000827275210620392,0.868324125230203,0.0036,0.513812154696133,0.0054,0.2295,0.185,1.2405,51.38,0.54,86.83,0.36
"0.4",100,"Large","CITS",8688,8688,0,-0.5108,-0.5173,-0.0065,7e-04,1.27,0.004,6.18931008953914e-05,0.901243093922652,0.0032,1,0,0.0627,0.054,1.1611,100,0,90.12,0.32
"0.4",100,"Large","CITS_0.4_constant",8688,8688,0,-0.5108,-0.5173,-0.0065,7e-04,1.27,0.0039,6.11548880287766e-05,0.901012891344383,0.0032,1,0,0.0625,0.0539,1.1596,100,0,90.1,0.32
"0.4",100,"Large","CITS_spill_3pct",8688,8688,0,-0.5108,-0.4119,0.0989,7e-04,19.36,0.0137,0.000145322545744551,0.523365561694291,0.0054,1,0,0.0627,0.054,1.1611,100,0,52.34,0.54
"0.4",100,"Large","Trd",8688,8688,0,-0.5108,-0.5105,3e-04,0.0025,0.06,0.0531,0.00082176886197953,0.861302946593002,0.0037,0.747467771639042,0.0047,0.2304,0.184,1.2522,74.75,0.47,86.13,0.37
"0.4",150,"Small","CITS",8688,8688,0,-0.0408,-0.0446,-0.0038,5e-04,9.31,0.0026,3.97615091158042e-05,0.905271639042357,0.0031,0.214433701657459,0.0044,0.051,0.0443,1.1512,21.44,0.44,90.53,0.31
"0.4",150,"Small","CITS_0.4_constant",8688,8688,0,-0.0408,-0.0445,-0.0037,6e-04,9.07,0.0027,4.08474491650023e-05,0.901933701657459,0.0032,0.215814917127072,0.0044,0.0514,0.0443,1.1603,21.58,0.44,90.19,0.32
"0.4",150,"Small","CITS_spill_3pct",8688,8688,0,-0.0408,0.0606,0.1014,6e-04,248.53,0.0129,0.000119720446010635,0.38823664825046,0.0052,0.314456721915285,0.005,0.0513,0.0444,1.1554,31.45,0.5,38.82,0.52
"0.4",150,"Small","Trd",8688,8688,0,-0.0408,-0.0387,0.0021,0.002,5.15,0.0341,0.000526222717405802,0.879949355432781,0.0035,0.131790976058932,0.0036,0.1847,0.1534,1.204,13.18,0.36,87.99,0.35
"0.4",150,"Moderate","CITS",8688,8688,0,-0.3567,-0.3622,-0.0055,6e-04,1.54,0.0027,4.09816522403621e-05,0.899746777163904,0.0032,1,0,0.0515,0.0445,1.1573,100,0,89.97,0.32
"0.4",150,"Moderate","CITS_0.4_constant",8688,8688,0,-0.3567,-0.3618,-0.0051,6e-04,1.43,0.0027,4.11325037921728e-05,0.901243093922652,0.0032,1,0,0.0516,0.0445,1.1596,100,0,90.12,0.32
"0.4",150,"Moderate","CITS_spill_3pct",8688,8688,0,-0.3567,-0.2569,0.0998,6e-04,27.98,0.0126,0.00011723651412842,0.393531307550645,0.0052,0.999079189686924,3e-04,0.0517,0.0445,1.1618,99.91,0.03,39.35,0.52
"0.4",150,"Moderate","Trd",8688,8688,0,-0.3567,-0.3555,0.0012,0.002,0.34,0.0339,0.00051317776818032,0.888581952117864,0.0034,0.615906998158379,0.0052,0.1841,0.155,1.1877,61.59,0.52,88.86,0.34
"0.4",150,"Large","CITS",8688,8688,0,-0.5108,-0.5169,-0.0061,6e-04,1.19,0.0027,4.14648021734136e-05,0.899171270718232,0.0032,1,0,0.0518,0.0447,1.1588,100,0,89.92,0.32
"0.4",150,"Large","CITS_0.4_constant",8688,8688,0,-0.5108,-0.517,-0.0062,6e-04,1.21,0.0028,4.25375469740724e-05,0.89548802946593,0.0033,1,0,0.0523,0.0446,1.1726,100,0,89.55,0.33
"0.4",150,"Large","CITS_spill_3pct",8688,8688,0,-0.5108,-0.4113,0.0995,6e-04,19.48,0.0126,0.000119480452927961,0.403545119705341,0.0053,1,0,0.0521,0.0446,1.1682,100,0,40.35,0.53
"0.4",150,"Large","Trd",8688,8688,0,-0.5108,-0.5072,0.0036,0.002,0.7,0.0349,0.00051940745330841,0.875460405156538,0.0035,0.863950276243094,0.0037,0.1868,0.1542,1.2114,86.4,0.37,87.55,0.35
"0.6",12,"Small","CITS",8688,8688,0,-0.0408,-0.0514,-0.0106,0.003,25.98,0.0795,0.00123751398212802,0.643646408839779,0.0051,0.364986187845304,0.0052,0.2818,0.1459,1.9315,36.5,0.52,64.36,0.51
"0.6",12,"Small","CITS_0.4_constant",8688,8688,0,-0.0408,-0.0504,-0.0096,0.0027,23.53,0.0657,0.0010247469953852,0.687615101289134,0.005,0.318830570902394,0.005,0.2562,0.1461,1.7536,31.88,0.5,68.76,0.5
"0.6",12,"Small","CITS_spill_3pct",8688,8688,0,-0.0408,0.0527,0.0935,0.003,229.17,0.0881,0.00130118169216809,0.610267034990792,0.0052,0.370511049723757,0.0052,0.2817,0.1464,1.9242,37.05,0.52,61.03,0.52
"0.6",12,"Small","Trd",8688,8688,0,-0.0408,-0.0289,0.0119,0.0051,29.17,0.2227,0.00342987182133538,0.735267034990792,0.0047,0.264848066298343,0.0047,0.4718,0.3172,1.4874,26.48,0.47,73.53,0.47
"0.6",12,"Moderate","CITS",8688,8688,0,-0.3567,-0.3675,-0.0108,0.003,3.03,0.0791,0.0012155410053643,0.632021178637201,0.0052,0.664249539594843,0.0051,0.281,0.1455,1.9313,66.42,0.51,63.2,0.52
"0.6",12,"Moderate","CITS_0.4_constant",8688,8688,0,-0.3567,-0.3665,-0.0098,0.0028,2.75,0.0665,0.001014429681519,0.689111418047882,0.005,0.657458563535912,0.0051,0.2577,0.1481,1.74,65.75,0.51,68.91,0.5
"0.6",12,"Moderate","CITS_spill_3pct",8688,8688,0,-0.3567,-0.2611,0.0956,0.003,26.8,0.0884,0.00130048321781278,0.598411602209945,0.0053,0.536602209944751,0.0053,0.2815,0.1455,1.9347,53.66,0.53,59.84,0.53
"0.6",12,"Moderate","Trd",8688,8688,0,-0.3567,-0.3434,0.0133,0.0051,3.73,0.2255,0.00341565061415186,0.741022099447514,0.0047,0.370741252302026,0.0052,0.4747,0.3201,1.483,37.07,0.52,74.1,0.47
"0.6",12,"Large","CITS",8688,8688,0,-0.5108,-0.5198,-0.009,0.003,1.76,0.0775,0.00119383694775385,0.646293738489871,0.0051,0.822283609576427,0.0041,0.2783,0.1461,1.9049,82.23,0.41,64.63,0.51
"0.6",12,"Large","CITS_0.4_constant",8688,8688,0,-0.5108,-0.52,-0.0092,0.0027,1.8,0.0651,0.000997672910511751,0.689686924493554,0.005,0.8298802946593,0.004,0.255,0.1474,1.73,82.99,0.4,68.97,0.5
"0.6",12,"Large","CITS_spill_3pct",8688,8688,0,-0.5108,-0.4143,0.0965,0.003,18.89,0.0871,0.00129830715685863,0.610957642725598,0.0052,0.722375690607735,0.0048,0.2789,0.1461,1.909,72.24,0.48,61.1,0.52
"0.6",12,"Large","Trd",8688,8688,0,-0.5108,-0.495,0.0158,0.0051,3.09,0.2287,0.00350326630607321,0.743324125230203,0.0047,0.46109576427256,0.0053,0.478,0.3213,1.4877,46.11,0.53,74.33,0.47
"0.6",14,"Small","CITS",8688,8688,0,-0.0408,-0.0511,-0.0103,0.0028,25.25,0.0683,0.00104807397742668,0.660911602209945,0.0051,0.343577348066298,0.0051,0.2611,0.1404,1.8597,34.36,0.51,66.09,0.51
"0.6",14,"Small","CITS_0.4_constant",8688,8688,0,-0.0408,-0.0502,-0.0094,0.0025,23.04,0.0565,0.00086214141960356,0.709714548802947,0.0049,0.299148250460405,0.0049,0.2376,0.1401,1.6959,29.91,0.49,70.97,0.49
"0.6",14,"Small","CITS_spill_3pct",8688,8688,0,-0.0408,0.0533,0.0941,0.0028,230.64,0.0771,0.00113268528755403,0.620511049723757,0.0052,0.354166666666667,0.0051,0.2612,0.14,1.8657,35.42,0.51,62.05,0.52
"0.6",14,"Small","Trd",8688,8688,0,-0.0408,-0.0275,0.0133,0.0051,32.6,0.2252,0.00344193446400682,0.729166666666667,0.0048,0.273480662983425,0.0048,0.4744,0.3039,1.561,27.35,0.48,72.92,0.48
"0.6",14,"Moderate","CITS",8688,8688,0,-0.3567,-0.369,-0.0123,0.0028,3.45,0.0675,0.00105402650151522,0.66494014732965,0.0051,0.691068139963168,0.005,0.2595,0.1396,1.8589,69.11,0.5,66.49,0.51
"0.6",14,"Moderate","CITS_0.4_constant",8688,8688,0,-0.3567,-0.3646,-0.0079,0.0025,2.21,0.0564,0.000867250335081768,0.708908839779006,0.0049,0.679097605893186,0.005,0.2374,0.1404,1.6909,67.91,0.5,70.89,0.49
"0.6",14,"Moderate","CITS_spill_3pct",8688,8688,0,-0.3567,-0.2638,0.0929,0.0028,26.04,0.0759,0.00113233525906217,0.628453038674033,0.0052,0.555133517495396,0.0053,0.2595,0.1395,1.8602,55.51,0.53,62.85,0.52
"0.6",14,"Moderate","Trd",8688,8688,0,-0.3567,-0.339,0.0177,0.0051,4.96,0.2265,0.00347546545532652,0.731238489871087,0.0048,0.37292817679558,0.0052,0.4756,0.3053,1.5578,37.29,0.52,73.12,0.48
"0.6",14,"Large","CITS",8688,8688,0,-0.5108,-0.5246,-0.0138,0.0028,2.7,0.0677,0.00105673829631314,0.661372007366482,0.0051,0.845303867403315,0.0039,0.2598,0.1407,1.8465,84.53,0.39,66.14,0.51
"0.6",14,"Large","CITS_0.4_constant",8688,8688,0,-0.5108,-0.5237,-0.0129,0.0026,2.53,0.0576,0.000913292597590573,0.702348066298343,0.0049,0.856008287292818,0.0038,0.2397,0.1407,1.7036,85.6,0.38,70.23,0.49
"0.6",14,"Large","CITS_spill_3pct",8688,8688,0,-0.5108,-0.4196,0.0912,0.0028,17.85,0.076,0.00112288664071664,0.627762430939227,0.0052,0.741137200736648,0.0047,0.2602,0.1408,1.848,74.11,0.47,62.78,0.52
"0.6",14,"Large","Trd",8688,8688,0,-0.5108,-0.4993,0.0115,0.0051,2.25,0.2279,0.0034637244638827,0.729166666666667,0.0048,0.486418047882136,0.0054,0.4773,0.3064,1.5578,48.64,0.54,72.92,0.48
"0.6",16,"Small","CITS",8688,8688,0,-0.0408,-0.0516,-0.0108,0.0026,26.47,0.0594,0.000915278962367486,0.674033149171271,0.005,0.335520257826888,0.0051,0.2435,0.1373,1.7735,33.55,0.51,67.4,0.5
"0.6",16,"Small","CITS_0.4_constant",8688,8688,0,-0.0408,-0.0504,-0.0096,0.0024,23.53,0.0506,0.000778644686734149,0.707527624309392,0.0049,0.296500920810313,0.0049,0.2247,0.1365,1.6462,29.65,0.49,70.75,0.49
"0.6",16,"Small","CITS_spill_3pct",8688,8688,0,-0.0408,0.0536,0.0944,0.0026,231.37,0.068,0.00101016097165002,0.63328729281768,0.0052,0.335635359116022,0.0051,0.2431,0.1373,1.7706,33.56,0.51,63.33,0.52
"0.6",16,"Small","Trd",8688,8688,0,-0.0408,-0.0322,0.0086,0.005,21.08,0.2162,0.00338065395032839,0.700621546961326,0.0049,0.299723756906077,0.0049,0.4649,0.2811,1.6539,29.97,0.49,70.06,0.49
"0.6",16,"Moderate","CITS",8688,8688,0,-0.3567,-0.3648,-0.0081,0.0026,2.27,0.059,0.00090950976775705,0.677371086556169,0.005,0.700046040515654,0.0049,0.2428,0.1362,1.7827,70,0.49,67.74,0.5
"0.6",16,"Moderate","CITS_0.4_constant",8688,8688,0,-0.3567,-0.3657,-0.009,0.0024,2.52,0.0511,0.000774577788523707,0.705686003683241,0.0049,0.705225598526704,0.0049,0.2259,0.1356,1.6659,70.52,0.49,70.57,0.49
"0.6",16,"Moderate","CITS_spill_3pct",8688,8688,0,-0.3567,-0.2595,0.0972,0.0026,27.25,0.0683,0.0010203561458629,0.635013812154696,0.0052,0.556975138121547,0.0053,0.2427,0.1362,1.7819,55.7,0.53,63.5,0.52
"0.6",16,"Moderate","Trd",8688,8688,0,-0.3567,-0.3392,0.0175,0.0052,4.91,0.2322,0.00349287107986149,0.686233885819521,0.005,0.421500920810313,0.0053,0.4816,0.2836,1.6982,42.15,0.53,68.62,0.5
"0.6",16,"Large","CITS",8688,8688,0,-0.5108,-0.5201,-0.0093,0.0026,1.82,0.061,0.000934244284072525,0.66908379373849,0.005,0.85554788213628,0.0038,0.2468,0.1369,1.8028,85.55,0.38,66.91,0.5
"0.6",16,"Large","CITS_0.4_constant",8688,8688,0,-0.5108,-0.5196,-0.0088,0.0024,1.72,0.0514,0.000808572753956585,0.705340699815838,0.0049,0.878798342541437,0.0035,0.2266,0.1362,1.6637,87.88,0.35,70.53,0.49
"0.6",16,"Large","CITS_spill_3pct",8688,8688,0,-0.5108,-0.4154,0.0954,0.0026,18.68,0.0698,0.0010376829893613,0.62914364640884,0.0052,0.756560773480663,0.0046,0.2464,0.1371,1.7972,75.66,0.46,62.91,0.52
"0.6",16,"Large","Trd",8688,8688,0,-0.5108,-0.4977,0.0131,0.0051,2.56,0.2251,0.00343535968958818,0.692104051565378,0.005,0.520142725598527,0.0054,0.4743,0.2822,1.6807,52.01,0.54,69.21,0.5
"0.6",18,"Small","CITS",8688,8688,0,-0.0408,-0.0476,-0.0068,0.0025,16.67,0.0534,0.000844892294784944,0.697628913443831,0.0049,0.316068139963168,0.005,0.231,0.1336,1.729,31.61,0.5,69.76,0.49
"0.6",18,"Small","CITS_0.4_constant",8688,8688,0,-0.0408,-0.048,-0.0072,0.0023,17.65,0.0464,0.000699059560766561,0.718922651933702,0.0048,0.290285451197053,0.0049,0.2154,0.1324,1.6269,29.03,0.49,71.89,0.48
"0.6",18,"Small","CITS_spill_3pct",8688,8688,0,-0.0408,0.058,0.0988,0.0025,242.16,0.0631,0.000927910451369215,0.641114180478821,0.0051,0.325276243093923,0.005,0.2311,0.1336,1.7298,32.53,0.5,64.11,0.51
"0.6",18,"Small","Trd",8688,8688,0,-0.0408,-0.0316,0.0092,0.0051,22.55,0.2233,0.00342024819354052,0.707527624309392,0.0049,0.293508287292818,0.0049,0.4725,0.2862,1.6509,29.35,0.49,70.75,0.49
"0.6",18,"Moderate","CITS",8688,8688,0,-0.3567,-0.3701,-0.0134,0.0025,3.76,0.0524,0.000797504243093881,0.699470534069982,0.0049,0.72433241252302,0.0048,0.2286,0.133,1.7188,72.43,0.48,69.95,0.49
"0.6",18,"Moderate","CITS_0.4_constant",8688,8688,0,-0.3567,-0.3674,-0.0107,0.0023,3,0.0451,0.000681429317042203,0.719728360957643,0.0048,0.727209944751381,0.0048,0.2121,0.1313,1.6154,72.72,0.48,71.97,0.48
"0.6",18,"Moderate","CITS_spill_3pct",8688,8688,0,-0.3567,-0.2653,0.0914,0.0024,25.62,0.0605,0.000892082121129284,0.652624309392265,0.0051,0.565147329650092,0.0053,0.2283,0.1331,1.7153,56.51,0.53,65.26,0.51
"0.6",18,"Moderate","Trd",8688,8688,0,-0.3567,-0.345,0.0117,0.005,3.28,0.2174,0.00333353812686023,0.707527624309392,0.0049,0.404696132596685,0.0053,0.4661,0.2845,1.6383,40.47,0.53,70.75,0.49
"0.6",18,"Large","CITS",8688,8688,0,-0.5108,-0.5204,-0.0096,0.0025,1.88,0.0528,0.000806649923059797,0.69267955801105,0.0049,0.873273480662983,0.0036,0.2296,0.133,1.7263,87.33,0.36,69.27,0.49
"0.6",18,"Large","CITS_0.4_constant",8688,8688,0,-0.5108,-0.5218,-0.011,0.0023,2.15,0.0464,0.000699444088577873,0.722490791896869,0.0048,0.893531307550645,0.0033,0.2152,0.1317,1.634,89.35,0.33,72.25,0.48
"0.6",18,"Large","CITS_spill_3pct",8688,8688,0,-0.5108,-0.4155,0.0953,0.0025,18.66,0.0615,0.000891738071636512,0.646178637200737,0.0051,0.776818600368324,0.0045,0.2289,0.133,1.7211,77.68,0.45,64.62,0.51
"0.6",18,"Large","Trd",8688,8688,0,-0.5108,-0.4994,0.0114,0.0051,2.23,0.2257,0.00348537579360509,0.699815837937385,0.0049,0.512546040515654,0.0054,0.475,0.2846,1.669,51.25,0.54,69.98,0.49
"0.6",20,"Small","CITS",8688,8688,0,-0.0408,-0.0489,-0.0081,0.0023,19.85,0.0463,0.000710689266034941,0.71731123388582,0.0048,0.292127071823204,0.0049,0.2151,0.1288,1.67,29.21,0.49,71.73,0.48
"0.6",20,"Small","CITS_0.4_constant",8688,8688,0,-0.0408,-0.0441,-0.0033,0.0022,8.09,0.0404,0.000630778881513647,0.743669429097606,0.0047,0.266114180478821,0.0047,0.2009,0.1276,1.5745,26.61,0.47,74.37,0.47
"0.6",20,"Small","CITS_spill_3pct",8688,8688,0,-0.0408,0.0558,0.0966,0.0023,236.76,0.0556,0.000809932437686408,0.656767955801105,0.0051,0.306629834254144,0.0049,0.2152,0.1289,1.6695,30.66,0.49,65.68,0.51
"0.6",20,"Small","Trd",8688,8688,0,-0.0408,-0.0355,0.0053,0.0049,12.99,0.2093,0.00322225462861551,0.728130755064457,0.0048,0.273941068139963,0.0048,0.4575,0.2858,1.6008,27.39,0.48,72.81,0.48
"0.6",20,"Moderate","CITS",8688,8688,0,-0.3567,-0.3696,-0.0129,0.0023,3.62,0.046,0.000706967998170294,0.716390423572744,0.0048,0.73469152854512,0.0047,0.214,0.1295,1.6525,73.47,0.47,71.64,0.48
"0.6",20,"Moderate","CITS_0.4_constant",8688,8688,0,-0.3567,-0.3687,-0.012,0.0022,3.36,0.0405,0.00062286469810268,0.740446593001842,0.0047,0.743554327808471,0.0047,0.2008,0.1277,1.5724,74.36,0.47,74.04,0.47
"0.6",20,"Moderate","CITS_spill_3pct",8688,8688,0,-0.3567,-0.2642,0.0925,0.0023,25.93,0.0543,0.000786566613683532,0.662638121546961,0.0051,0.567794659300184,0.0053,0.2139,0.1294,1.653,56.78,0.53,66.26,0.51
"0.6",20,"Moderate","Trd",8688,8688,0,-0.3567,-0.3436,0.0131,0.005,3.67,0.2153,0.00334000335841373,0.717656537753223,0.0048,0.400322283609576,0.0053,0.4639,0.2865,1.6192,40.03,0.53,71.77,0.48
"0.6",20,"Large","CITS",8688,8688,0,-0.5108,-0.5204,-0.0096,0.0023,1.88,0.0471,0.000726943605022328,0.708908839779006,0.0049,0.893070902394107,0.0033,0.2167,0.1289,1.6811,89.31,0.33,70.89,0.49
"0.6",20,"Large","CITS_0.4_constant",8688,8688,0,-0.5108,-0.5172,-0.0064,0.0022,1.25,0.0413,0.000634100102427001,0.74067679558011,0.0047,0.903314917127072,0.0032,0.2031,0.128,1.5867,90.33,0.32,74.07,0.47
"0.6",20,"Large","CITS_spill_3pct",8688,8688,0,-0.5108,-0.4148,0.096,0.0023,18.79,0.0563,0.00083519832683075,0.66286832412523,0.0051,0.790170349907919,0.0044,0.217,0.1292,1.6796,79.02,0.44,66.29,0.51
"0.6",20,"Large","Trd",8688,8688,0,-0.5108,-0.4894,0.0214,0.005,4.19,0.2184,0.00335011819610985,0.710750460405157,0.0049,0.496662062615101,0.0054,0.4669,0.2863,1.6308,49.67,0.54,71.08,0.49
"0.6",24,"Small","CITS",8688,8688,0,-0.0408,-0.046,-0.0052,0.0021,12.75,0.0392,0.000605526705297258,0.735151933701657,0.0047,0.285336095764273,0.0048,0.1979,0.1209,1.6369,28.53,0.48,73.52,0.47
"0.6",24,"Small","CITS_0.4_constant",8688,8688,0,-0.0408,-0.0434,-0.0026,0.002,6.37,0.0351,0.000534671891773422,0.746546961325967,0.0047,0.264387661141805,0.0047,0.1873,0.1191,1.5726,26.44,0.47,74.65,0.47
"0.6",24,"Small","CITS_spill_3pct",8688,8688,0,-0.0408,0.0592,0.1,0.0021,245.1,0.0491,0.000737087087161971,0.668162983425414,0.0051,0.287177716390424,0.0049,0.1978,0.1211,1.6334,28.72,0.49,66.82,0.51
"0.6",24,"Small","Trd",8688,8688,0,-0.0408,-0.0175,0.0233,0.0048,57.11,0.2024,0.0030968204628625,0.727900552486188,0.0048,0.271063535911602,0.0048,0.4493,0.2828,1.5888,27.11,0.48,72.79,0.48
"0.6",24,"Moderate","CITS",8688,8688,0,-0.3567,-0.3679,-0.0112,0.0021,3.14,0.0386,0.000579666165552747,0.730662983425414,0.0048,0.763697053406998,0.0046,0.1961,0.1216,1.6127,76.37,0.46,73.07,0.48
"0.6",24,"Moderate","CITS_0.4_constant",8688,8688,0,-0.3567,-0.3662,-0.0095,0.002,2.66,0.0354,0.000533260077462942,0.751726519337017,0.0046,0.771984346224678,0.0045,0.1878,0.1202,1.5624,77.2,0.45,75.17,0.46
"0.6",24,"Moderate","CITS_spill_3pct",8688,8688,0,-0.3567,-0.2632,0.0935,0.0021,26.21,0.0471,0.000687744514217278,0.6701197053407,0.005,0.592426335174954,0.0053,0.1958,0.1217,1.6089,59.24,0.53,67.01,0.5
"0.6",24,"Moderate","Trd",8688,8688,0,-0.3567,-0.3468,0.0099,0.0049,2.78,0.2054,0.00327183209658108,0.738835174953959,0.0047,0.384668508287293,0.0052,0.4532,0.2876,1.5758,38.47,0.52,73.88,0.47
"0.6",24,"Large","CITS",8688,8688,0,-0.5108,-0.524,-0.0132,0.0021,2.58,0.0381,0.000591244223586796,0.739410681399632,0.0047,0.928982504604052,0.0028,0.1948,0.1215,1.6033,92.9,0.28,73.94,0.47
"0.6",24,"Large","CITS_0.4_constant",8688,8688,0,-0.5108,-0.5229,-0.0121,0.002,2.37,0.0345,0.000521120355812491,0.758977900552486,0.0046,0.937730202578269,0.0026,0.1853,0.1202,1.5416,93.77,0.26,75.9,0.46
"0.6",24,"Large","CITS_spill_3pct",8688,8688,0,-0.5108,-0.4189,0.0919,0.0021,17.99,0.0463,0.000687731747930347,0.681054327808471,0.005,0.833103130755064,0.004,0.1946,0.1213,1.6043,83.31,0.4,68.11,0.5
"0.6",24,"Large","Trd",8688,8688,0,-0.5108,-0.5053,0.0055,0.0048,1.08,0.2025,0.00303304602750593,0.725828729281768,0.0048,0.50828729281768,0.0054,0.45,0.2832,1.589,50.83,0.54,72.58,0.48
"0.6",28,"Small","CITS",8688,8688,0,-0.0408,-0.0502,-0.0094,0.0019,23.04,0.0319,0.000495826443398414,0.754258747697974,0.0046,0.257826887661142,0.0047,0.1783,0.1149,1.5518,25.78,0.47,75.43,0.46
"0.6",28,"Small","CITS_0.4_constant",8688,8688,0,-0.0408,-0.0478,-0.007,0.0019,17.16,0.0301,0.000458932843326155,0.766804788213628,0.0045,0.249769797421731,0.0046,0.1732,0.1139,1.5206,24.98,0.46,76.68,0.45
"0.6",28,"Small","CITS_spill_3pct",8688,8688,0,-0.0408,0.0552,0.096,0.0019,235.29,0.041,0.000594771359926238,0.68542817679558,0.005,0.269682320441989,0.0048,0.1784,0.1151,1.55,26.97,0.48,68.54,0.5
"0.6",28,"Small","Trd",8688,8688,0,-0.0408,-0.0295,0.0113,0.0047,27.7,0.1918,0.00299497236208563,0.760128913443831,0.0046,0.241597605893186,0.0046,0.4378,0.2873,1.5238,24.16,0.46,76.01,0.46
"0.6",28,"Moderate","CITS",8688,8688,0,-0.3567,-0.367,-0.0103,0.0019,2.89,0.0324,0.000494108987272951,0.748733885819521,0.0047,0.798802946593002,0.0043,0.1797,0.1142,1.5736,79.88,0.43,74.87,0.47
"0.6",28,"Moderate","CITS_0.4_constant",8688,8688,0,-0.3567,-0.3618,-0.0051,0.0019,1.43,0.0303,0.000464812669603121,0.766459484346225,0.0045,0.795580110497238,0.0043,0.1741,0.1138,1.5299,79.56,0.43,76.65,0.45
"0.6",28,"Moderate","CITS_spill_3pct",8688,8688,0,-0.3567,-0.2622,0.0945,0.0019,26.49,0.041,0.000586644845630791,0.679327808471455,0.005,0.612684162062615,0.0052,0.1791,0.1143,1.5669,61.27,0.52,67.93,0.5
"0.6",28,"Moderate","Trd",8688,8688,0,-0.3567,-0.3393,0.0174,0.0048,4.88,0.1992,0.00308156414368295,0.749194290976059,0.0047,0.377647329650092,0.0052,0.446,0.2883,1.547,37.76,0.52,74.92,0.47
"0.6",28,"Large","CITS",8688,8688,0,-0.5108,-0.519,-0.0082,0.0019,1.61,0.0327,0.000510463662121313,0.749194290976059,0.0047,0.943945672191529,0.0025,0.1806,0.1142,1.5814,94.39,0.25,74.92,0.47
"0.6",28,"Large","CITS_0.4_constant",8688,8688,0,-0.5108,-0.5192,-0.0084,0.0018,1.64,0.0297,0.000467365160091365,0.771984346224678,0.0045,0.955801104972376,0.0022,0.1722,0.1139,1.5119,95.58,0.22,77.2,0.45
"0.6",28,"Large","CITS_spill_3pct",8688,8688,0,-0.5108,-0.4141,0.0967,0.0019,18.93,0.042,0.000615123804366579,0.679673112338858,0.005,0.86072744014733,0.0037,0.1807,0.1142,1.5823,86.07,0.37,67.97,0.5
"0.6",28,"Large","Trd",8688,8688,0,-0.5108,-0.4997,0.0111,0.0048,2.17,0.1965,0.00295620349523501,0.740331491712707,0.0047,0.498158379373849,0.0054,0.4431,0.285,1.5547,49.82,0.54,74.03,0.47
"0.6",32,"Small","CITS",8688,8688,0,-0.0408,-0.0495,-0.0087,0.0018,21.32,0.0288,0.000434806380404032,0.750920810313076,0.0046,0.259668508287293,0.0047,0.1695,0.1088,1.5579,25.97,0.47,75.09,0.46
"0.6",32,"Small","CITS_0.4_constant",8688,8688,0,-0.0408,-0.0465,-0.0057,0.0017,13.97,0.0263,0.000398064018177819,0.77566758747698,0.0045,0.239755985267035,0.0046,0.162,0.1082,1.4972,23.98,0.46,77.57,0.45
"0.6",32,"Small","CITS_spill_3pct",8688,8688,0,-0.0408,0.0555,0.0963,0.0018,236.03,0.038,0.00053935951758798,0.674378453038674,0.005,0.277969613259669,0.0048,0.1695,0.1088,1.5579,27.8,0.48,67.44,0.5
"0.6",32,"Small","Trd",8688,8688,0,-0.0408,-0.0288,0.012,0.0046,29.41,0.183,0.00283574983782624,0.767610497237569,0.0045,0.234346224677716,0.0045,0.4276,0.2884,1.4827,23.43,0.45,76.76,0.45
"0.6",32,"Moderate","CITS",8688,8688,0,-0.3567,-0.3685,-0.0118,0.0018,3.31,0.0284,0.00043922902247325,0.761970534069982,0.0046,0.831376611418048,0.004,0.1682,0.1094,1.5375,83.14,0.4,76.2,0.46
"0.6",32,"Moderate","CITS_0.4_constant",8688,8688,0,-0.3567,-0.3678,-0.0111,0.0017,3.11,0.0265,0.000403416320332642,0.775782688766114,0.0045,0.836901473296501,0.004,0.1624,0.1081,1.5023,83.69,0.4,77.58,0.45
"0.6",32,"Moderate","CITS_spill_3pct",8688,8688,0,-0.3567,-0.2632,0.0935,0.0018,26.21,0.037,0.000538544751749655,0.692104051565378,0.005,0.642034990791897,0.0051,0.168,0.1093,1.5371,64.2,0.51,69.21,0.5
"0.6",32,"Moderate","Trd",8688,8688,0,-0.3567,-0.3404,0.0163,0.0046,4.57,0.1851,0.00283011220685408,0.760244014732965,0.0046,0.374309392265193,0.0052,0.43,0.2848,1.5098,37.43,0.52,76.02,0.46
"0.6",32,"Large","CITS",8688,8688,0,-0.5108,-0.5205,-0.0097,0.0018,1.9,0.0279,0.000426223657928907,0.767034990791897,0.0045,0.964663904235727,0.002,0.1667,0.1094,1.5238,96.47,0.2,76.7,0.45
"0.6",32,"Large","CITS_0.4_constant",8688,8688,0,-0.5108,-0.5194,-0.0086,0.0017,1.68,0.0261,0.000387987793623507,0.7777394106814,0.0045,0.969152854511971,0.0019,0.1612,0.1084,1.4871,96.92,0.19,77.77,0.45
"0.6",32,"Large","CITS_spill_3pct",8688,8688,0,-0.5108,-0.4151,0.0957,0.0018,18.74,0.037,0.000541556075200243,0.692334254143646,0.005,0.894682320441989,0.0033,0.1668,0.1095,1.5233,89.47,0.33,69.23,0.5
"0.6",32,"Large","Trd",8688,8688,0,-0.5108,-0.5013,0.0095,0.0046,1.86,0.1879,0.00280319575404854,0.752302025782689,0.0046,0.498503683241252,0.0054,0.4333,0.2823,1.5349,49.85,0.54,75.23,0.46
"0.6",36,"Small","CITS",8688,8688,0,-0.0408,-0.0496,-0.0088,0.0017,21.57,0.0251,0.000394504274041485,0.773825966850829,0.0045,0.252877532228361,0.0047,0.1581,0.1037,1.5246,25.29,0.47,77.38,0.45
"0.6",36,"Small","CITS_0.4_constant",8688,8688,0,-0.0408,-0.049,-0.0082,0.0016,20.1,0.0233,0.000353344353209563,0.78683241252302,0.0044,0.234346224677716,0.0045,0.1523,0.1034,1.4729,23.43,0.45,78.68,0.44
"0.6",36,"Small","CITS_spill_3pct",8688,8688,0,-0.0408,0.0552,0.096,0.0017,235.29,0.0341,0.00050309930306108,0.693139963167588,0.0049,0.254028545119705,0.0047,0.1578,0.1038,1.5202,25.4,0.47,69.31,0.49
"0.6",36,"Small","Trd",8688,8688,0,-0.0408,-0.0362,0.0046,0.0046,11.27,0.1814,0.00274803919055219,0.780962246777164,0.0044,0.22329650092081,0.0045,0.4259,0.2907,1.4651,22.33,0.45,78.1,0.44
"0.6",36,"Moderate","CITS",8688,8688,0,-0.3567,-0.364,-0.0073,0.0017,2.05,0.0247,0.000384599268137158,0.775437384898711,0.0045,0.85347605893186,0.0038,0.1571,0.104,1.5106,85.35,0.38,77.54,0.45
"0.6",36,"Moderate","CITS_0.4_constant",8688,8688,0,-0.3567,-0.3627,-0.006,0.0016,1.68,0.023,0.000362310445276434,0.789825046040516,0.0044,0.858885819521179,0.0037,0.1515,0.1036,1.4624,85.89,0.37,78.98,0.44
"0.6",36,"Moderate","CITS_spill_3pct",8688,8688,0,-0.3567,-0.2592,0.0975,0.0017,27.33,0.0341,0.000498543432823106,0.689456721915285,0.005,0.663098526703499,0.0051,0.157,0.1041,1.5082,66.31,0.51,68.95,0.5
"0.6",36,"Moderate","Trd",8688,8688,0,-0.3567,-0.3462,0.0105,0.0047,2.94,0.1949,0.00309124491052524,0.765078268876611,0.0045,0.373503683241252,0.0052,0.4413,0.2894,1.5249,37.35,0.52,76.51,0.45
"0.6",36,"Large","CITS",8688,8688,0,-0.5108,-0.5214,-0.0106,0.0017,2.08,0.0248,0.000383943217263475,0.773020257826888,0.0045,0.977555248618785,0.0016,0.1572,0.1038,1.5145,97.76,0.16,77.3,0.45
"0.6",36,"Large","CITS_0.4_constant",8688,8688,0,-0.5108,-0.5181,-0.0073,0.0016,1.43,0.0233,0.000356127493683581,0.787753222836096,0.0044,0.978821362799263,0.0015,0.1526,0.1039,1.4687,97.88,0.15,78.78,0.44
"0.6",36,"Large","CITS_spill_3pct",8688,8688,0,-0.5108,-0.4157,0.0951,0.0017,18.62,0.0338,0.000486318706492924,0.69060773480663,0.005,0.912983425414365,0.003,0.1573,0.1038,1.5154,91.3,0.3,69.06,0.5
"0.6",36,"Large","Trd",8688,8688,0,-0.5108,-0.4971,0.0137,0.0047,2.68,0.1889,0.00296029489854558,0.761049723756906,0.0046,0.485267034990792,0.0054,0.4345,0.2888,1.5045,48.53,0.54,76.1,0.46
"0.6",40,"Small","CITS",8688,8688,0,-0.0408,-0.0446,-0.0038,0.0016,9.31,0.0216,0.00032541710658414,0.783494475138122,0.0044,0.231813996316759,0.0045,0.147,0.099,1.4848,23.18,0.45,78.35,0.44
"0.6",40,"Small","CITS_0.4_constant",8688,8688,0,-0.0408,-0.0448,-0.004,0.0015,9.8,0.0205,0.000313531917229313,0.797767034990792,0.0043,0.220303867403315,0.0044,0.143,0.099,1.4444,22.03,0.44,79.78,0.43
"0.6",40,"Small","CITS_spill_3pct",8688,8688,0,-0.0408,0.0604,0.1012,0.0016,248.04,0.0318,0.000449015172124356,0.673802946593002,0.005,0.257941988950276,0.0047,0.1469,0.099,1.4838,25.79,0.47,67.38,0.5
"0.6",40,"Small","Trd",8688,8688,0,-0.0408,-0.0346,0.0062,0.0046,15.2,0.1856,0.00281836419345719,0.777969613259669,0.0045,0.223181399631676,0.0045,0.4308,0.2918,1.4764,22.32,0.45,77.8,0.45
"0.6",40,"Moderate","CITS",8688,8688,0,-0.3567,-0.363,-0.0063,0.0016,1.77,0.0222,0.000334317548370947,0.776473296500921,0.0045,0.875230202578269,0.0035,0.1489,0.0992,1.501,87.52,0.35,77.65,0.45
"0.6",40,"Moderate","CITS_0.4_constant",8688,8688,0,-0.3567,-0.3603,-0.0036,0.0016,1.01,0.021,0.000322094554942669,0.797651933701657,0.0043,0.874654696132597,0.0036,0.1448,0.0996,1.4538,87.47,0.36,79.77,0.43
"0.6",40,"Moderate","CITS_spill_3pct",8688,8688,0,-0.3567,-0.2579,0.0988,0.0016,27.7,0.0319,0.000449319943817674,0.678752302025783,0.005,0.678522099447514,0.005,0.1489,0.0992,1.501,67.85,0.5,67.88,0.5
"0.6",40,"Moderate","Trd",8688,8688,0,-0.3567,-0.3444,0.0123,0.0046,3.45,0.1872,0.00286481528843628,0.776243093922652,0.0045,0.369244935543278,0.0052,0.4325,0.289,1.4965,36.92,0.52,77.62,0.45
"0.6",40,"Large","CITS",8688,8688,0,-0.5108,-0.5214,-0.0106,0.0016,2.08,0.0222,0.000336232122573426,0.783609576427256,0.0044,0.983195211786372,0.0014,0.1486,0.099,1.501,98.32,0.14,78.36,0.44
"0.6",40,"Large","CITS_0.4_constant",8688,8688,0,-0.5108,-0.5185,-0.0077,0.0015,1.51,0.0209,0.000321680103868114,0.794544198895028,0.0043,0.983885819521179,0.0014,0.1444,0.0991,1.4571,98.39,0.14,79.45,0.43
"0.6",40,"Large","CITS_spill_3pct",8688,8688,0,-0.5108,-0.4163,0.0945,0.0016,18.5,0.0309,0.000443198419304989,0.687615101289134,0.005,0.933931860036832,0.0027,0.1484,0.0989,1.5005,93.39,0.27,68.76,0.5
"0.6",40,"Large","Trd",8688,8688,0,-0.5108,-0.5052,0.0056,0.0048,1.1,0.1963,0.00303823231119635,0.769221915285451,0.0045,0.492173112338858,0.0054,0.443,0.2906,1.5244,49.22,0.54,76.92,0.45
"0.6",44,"Small","CITS",8688,8688,0,-0.0408,-0.0448,-0.004,0.0015,9.8,0.02,0.000302673797408087,0.785105893186004,0.0044,0.229857274401473,0.0045,0.1412,0.0944,1.4958,22.99,0.45,78.51,0.44
"0.6",44,"Small","CITS_0.4_constant",8688,8688,0,-0.0408,-0.0434,-0.0026,0.0015,6.37,0.0189,0.000282356740250259,0.797882136279926,0.0043,0.221569981583794,0.0045,0.1375,0.0951,1.4458,22.16,0.45,79.79,0.43
"0.6",44,"Small","CITS_spill_3pct",8688,8688,0,-0.0408,0.0606,0.1014,0.0015,248.53,0.0303,0.000423372656582261,0.665860957642726,0.0051,0.262546040515654,0.0047,0.1413,0.0944,1.4968,26.25,0.47,66.59,0.51
"0.6",44,"Small","Trd",8688,8688,0,-0.0408,-0.0286,0.0122,0.0045,29.9,0.1722,0.00265624098545462,0.781537753222836,0.0044,0.217081031307551,0.0044,0.4149,0.2826,1.4682,21.71,0.44,78.15,0.44
"0.6",44,"Moderate","CITS",8688,8688,0,-0.3567,-0.3637,-0.007,0.0015,1.96,0.02,0.000310668366552216,0.787753222836096,0.0044,0.90066758747698,0.0032,0.1413,0.0947,1.4921,90.07,0.32,78.78,0.44
"0.6",44,"Moderate","CITS_0.4_constant",8688,8688,0,-0.3567,-0.3605,-0.0038,0.0015,1.07,0.0192,0.000294509709367256,0.798572744014733,0.0043,0.894221915285451,0.0033,0.1387,0.0953,1.4554,89.42,0.33,79.86,0.43
"0.6",44,"Moderate","CITS_spill_3pct",8688,8688,0,-0.3567,-0.2587,0.098,0.0015,27.47,0.0296,0.000424772479959005,0.68128453038674,0.005,0.710174953959484,0.0049,0.1415,0.0949,1.491,71.02,0.49,68.13,0.5
"0.6",44,"Moderate","Trd",8688,8688,0,-0.3567,-0.3439,0.0128,0.0045,3.59,0.1725,0.00269174796549857,0.777624309392265,0.0045,0.363259668508287,0.0052,0.4152,0.2798,1.4839,36.33,0.52,77.76,0.45
"0.6",44,"Large","CITS",8688,8688,0,-0.5108,-0.5201,-0.0093,0.0015,1.82,0.0208,0.000313557489011592,0.776933701657459,0.0045,0.988029465930018,0.0012,0.1439,0.0948,1.5179,98.8,0.12,77.69,0.45
"0.6",44,"Large","CITS_0.4_constant",8688,8688,0,-0.5108,-0.5162,-0.0054,0.0015,1.06,0.0198,0.000298968971039288,0.786026703499079,0.0044,0.989065377532228,0.0011,0.1406,0.095,1.48,98.91,0.11,78.6,0.44
"0.6",44,"Large","CITS_spill_3pct",8688,8688,0,-0.5108,-0.4155,0.0953,0.0015,18.66,0.0297,0.000418049817423208,0.671846224677716,0.005,0.944866482504604,0.0024,0.1437,0.0949,1.5142,94.49,0.24,67.18,0.5
"0.6",44,"Large","Trd",8688,8688,0,-0.5108,-0.4964,0.0144,0.0045,2.82,0.179,0.00267661089845153,0.764502762430939,0.0046,0.502877532228361,0.0054,0.4228,0.2792,1.5143,50.29,0.54,76.45,0.46
"0.6",48,"Small","CITS",8688,8688,0,-0.0408,-0.0477,-0.0069,0.0014,16.91,0.0183,0.000283111341672297,0.78786832412523,0.0044,0.235612338858195,0.0046,0.135,0.0911,1.4819,23.56,0.46,78.79,0.44
"0.6",48,"Small","CITS_0.4_constant",8688,8688,0,-0.0408,-0.0454,-0.0046,0.0014,11.27,0.0177,0.000269854580657525,0.797651933701657,0.0043,0.220879373848987,0.0045,0.1329,0.0916,1.4509,22.09,0.45,79.77,0.43
"0.6",48,"Small","CITS_spill_3pct",8688,8688,0,-0.0408,0.0573,0.0981,0.0015,240.44,0.0279,0.000397769635446768,0.67426335174954,0.005,0.256100368324125,0.0047,0.1353,0.0912,1.4836,25.61,0.47,67.43,0.5
"0.6",48,"Small","Trd",8688,8688,0,-0.0408,-0.0289,0.0119,0.0044,29.17,0.1656,0.00252791879567554,0.784530386740331,0.0044,0.215009208103131,0.0044,0.4067,0.2751,1.4784,21.5,0.44,78.45,0.44
"0.6",48,"Moderate","CITS",8688,8688,0,-0.3567,-0.3653,-0.0086,0.0014,2.41,0.0179,0.000275004703475372,0.797997237569061,0.0043,0.921385819521179,0.0029,0.1333,0.0907,1.4697,92.14,0.29,79.8,0.43
"0.6",48,"Moderate","CITS_0.4_constant",8688,8688,0,-0.3567,-0.3616,-0.0049,0.0014,1.37,0.0176,0.000272975481476714,0.805363720073665,0.0042,0.912983425414365,0.003,0.1328,0.0914,1.453,91.3,0.3,80.54,0.42
"0.6",48,"Moderate","CITS_spill_3pct",8688,8688,0,-0.3567,-0.2599,0.0968,0.0014,27.14,0.0272,0.000388592349674129,0.678867403314917,0.005,0.745165745856354,0.0047,0.1335,0.0907,1.4719,74.52,0.47,67.89,0.5
"0.6",48,"Moderate","Trd",8688,8688,0,-0.3567,-0.3478,0.0089,0.0044,2.5,0.1677,0.00254876467377501,0.775092081031308,0.0045,0.375230202578269,0.0052,0.4094,0.2736,1.4963,37.52,0.52,77.51,0.45
"0.6",48,"Large","CITS",8688,8688,0,-0.5108,-0.5199,-0.0091,0.0014,1.78,0.0183,0.000284486996944235,0.792357274401473,0.0044,0.993439226519337,9e-04,0.1348,0.0915,1.4732,99.34,0.09,79.24,0.44
"0.6",48,"Large","CITS_0.4_constant",8688,8688,0,-0.5108,-0.5156,-0.0048,0.0014,0.94,0.0174,0.000265986719552437,0.802371086556169,0.0043,0.993554327808471,9e-04,0.1318,0.0916,1.4389,99.36,0.09,80.24,0.43
"0.6",48,"Large","CITS_spill_3pct",8688,8688,0,-0.5108,-0.4146,0.0962,0.0014,18.83,0.0274,0.000382709964201206,0.683586556169429,0.005,0.959369244935543,0.0021,0.1346,0.0916,1.4694,95.94,0.21,68.36,0.5
"0.6",48,"Large","Trd",8688,8688,0,-0.5108,-0.4986,0.0122,0.0045,2.39,0.1736,0.00268473880406733,0.76530847145488,0.0045,0.510704419889503,0.0054,0.4166,0.2719,1.5322,51.07,0.54,76.53,0.45
"0.6",52,"Small","CITS",8688,8688,0,-0.0408,-0.0458,-0.005,0.0014,12.25,0.0169,0.000256181673542037,0.794659300184162,0.0043,0.233885819521179,0.0045,0.13,0.088,1.4773,23.39,0.45,79.47,0.43
"0.6",52,"Small","CITS_0.4_constant",8688,8688,0,-0.0408,-0.0428,-0.002,0.0014,4.9,0.0164,0.000248027301118493,0.802371086556169,0.0043,0.218807550644567,0.0044,0.1281,0.0887,1.4442,21.88,0.44,80.24,0.43
"0.6",52,"Small","CITS_spill_3pct",8688,8688,0,-0.0408,0.0594,0.1002,0.0014,245.59,0.0268,0.000371715189711949,0.664594843462247,0.0051,0.252877532228361,0.0047,0.1296,0.088,1.4727,25.29,0.47,66.46,0.51
"0.6",52,"Small","Trd",8688,8688,0,-0.0408,-0.0335,0.0073,0.0043,17.89,0.1627,0.00251416244987,0.7847605893186,0.0044,0.216620626151013,0.0044,0.4033,0.2751,1.466,21.66,0.44,78.48,0.44
"0.6",52,"Moderate","CITS",8688,8688,0,-0.3567,-0.3656,-0.0089,0.0014,2.5,0.0168,0.000255168918941214,0.791896869244936,0.0044,0.930363720073665,0.0027,0.1293,0.0879,1.471,93.04,0.27,79.19,0.44
"0.6",52,"Moderate","CITS_0.4_constant",8688,8688,0,-0.3567,-0.362,-0.0053,0.0014,1.49,0.0163,0.000250366425475469,0.801565377532228,0.0043,0.926795580110497,0.0028,0.1277,0.0884,1.4446,92.68,0.28,80.16,0.43
"0.6",52,"Moderate","CITS_spill_3pct",8688,8688,0,-0.3567,-0.2604,0.0963,0.0014,27,0.0261,0.000369305580942757,0.675414364640884,0.005,0.760013812154696,0.0046,0.1297,0.088,1.4739,76,0.46,67.54,0.5
"0.6",52,"Moderate","Trd",8688,8688,0,-0.3567,-0.3582,-0.0015,0.0043,0.42,0.1638,0.00244465145744992,0.778430018416206,0.0045,0.381100368324125,0.0052,0.4047,0.2732,1.4813,38.11,0.52,77.84,0.45
"0.6",52,"Large","CITS",8688,8688,0,-0.5108,-0.5203,-0.0095,0.0014,1.86,0.0168,0.000262022250245372,0.794198895027624,0.0043,0.995280847145488,7e-04,0.1292,0.0882,1.4649,99.53,0.07,79.42,0.43
"0.6",52,"Large","CITS_0.4_constant",8688,8688,0,-0.5108,-0.5163,-0.0055,0.0014,1.08,0.0163,0.000251428830912626,0.810773480662983,0.0042,0.994935543278085,8e-04,0.1277,0.0889,1.4364,99.49,0.08,81.08,0.42
"0.6",52,"Large","CITS_spill_3pct",8688,8688,0,-0.5108,-0.4149,0.0959,0.0014,18.77,0.0259,0.000364208693721181,0.675414364640884,0.005,0.968001841620626,0.0019,0.1293,0.0882,1.466,96.8,0.19,67.54,0.5
"0.6",52,"Large","Trd",8688,8688,0,-0.5108,-0.5063,0.0045,0.0045,0.88,0.1748,0.00273579854136888,0.768531307550645,0.0045,0.508977900552486,0.0054,0.4181,0.2744,1.5237,50.9,0.54,76.85,0.45
"0.6",56,"Small","CITS",8688,8688,0,-0.0408,-0.0479,-0.0071,0.0013,17.4,0.0155,0.000238660054900637,0.799608655616943,0.0043,0.237453959484346,0.0046,0.1245,0.0849,1.4664,23.75,0.46,79.96,0.43
"0.6",56,"Small","CITS_0.4_constant",8688,8688,0,-0.0408,-0.0461,-0.0053,0.0013,12.99,0.0151,0.000233604339720003,0.810197974217311,0.0042,0.218347145488029,0.0044,0.1227,0.0857,1.4317,21.83,0.44,81.02,0.42
"0.6",56,"Small","CITS_spill_3pct",8688,8688,0,-0.0408,0.0573,0.0981,0.0013,240.44,0.0252,0.000353764271477978,0.667702578268877,0.0051,0.248273480662983,0.0046,0.1248,0.085,1.4682,24.83,0.46,66.77,0.51
"0.6",56,"Small","Trd",8688,8688,0,-0.0408,-0.039,0.0018,0.0043,4.41,0.1596,0.00242621754618753,0.786372007366482,0.0044,0.213858195211786,0.0044,0.3995,0.2708,1.4753,21.39,0.44,78.64,0.44
"0.6",56,"Moderate","CITS",8688,8688,0,-0.3567,-0.363,-0.0063,0.0013,1.77,0.0153,0.000234323666443739,0.803406998158379,0.0043,0.942564456721915,0.0025,0.1235,0.0854,1.4461,94.26,0.25,80.34,0.43
"0.6",56,"Moderate","CITS_0.4_constant",8688,8688,0,-0.3567,-0.3617,-0.005,0.0013,1.4,0.0146,0.000217938837731922,0.821593001841621,0.0041,0.945326887661142,0.0024,0.1206,0.086,1.4023,94.53,0.24,82.16,0.41
"0.6",56,"Moderate","CITS_spill_3pct",8688,8688,0,-0.3567,-0.258,0.0987,0.0013,27.67,0.025,0.000351243908503687,0.667242173112339,0.0051,0.778545119705341,0.0045,0.1235,0.0854,1.4461,77.85,0.45,66.72,0.51
"0.6",56,"Moderate","Trd",8688,8688,0,-0.3567,-0.3516,0.0051,0.0043,1.43,0.1616,0.00245053904492673,0.778430018416206,0.0045,0.378913443830571,0.0052,0.402,0.2694,1.4922,37.89,0.52,77.84,0.45
"0.6",56,"Large","CITS",8688,8688,0,-0.5108,-0.5204,-0.0096,0.0013,1.88,0.0158,0.000248641440840493,0.795004604051565,0.0043,0.998158379373849,5e-04,0.1254,0.0854,1.4684,99.82,0.05,79.5,0.43
"0.6",56,"Large","CITS_0.4_constant",8688,8688,0,-0.5108,-0.5178,-0.007,0.0013,1.37,0.0153,0.000230708447449619,0.81042817679558,0.0042,0.998388581952118,4e-04,0.1234,0.0863,1.4299,99.84,0.04,81.04,0.42
"0.6",56,"Large","CITS_spill_3pct",8688,8688,0,-0.5108,-0.4151,0.0957,0.0013,18.74,0.0249,0.000343087346448065,0.672651933701657,0.005,0.975598526703499,0.0017,0.1254,0.0854,1.4684,97.56,0.17,67.27,0.5
"0.6",56,"Large","Trd",8688,8688,0,-0.5108,-0.5035,0.0073,0.0044,1.43,0.1665,0.00260386477187554,0.775782688766114,0.0045,0.512085635359116,0.0054,0.408,0.2708,1.5066,51.21,0.54,77.58,0.45
"0.6",60,"Small","CITS",8688,8688,0,-0.0408,-0.0484,-0.0076,0.0013,18.63,0.0145,0.000225731874892908,0.80524861878453,0.0042,0.234000920810313,0.0045,0.1202,0.0825,1.457,23.4,0.45,80.52,0.42
"0.6",60,"Small","CITS_0.4_constant",8688,8688,0,-0.0408,-0.0457,-0.0049,0.0013,12.01,0.0141,0.000212329266670203,0.811694290976059,0.0042,0.216505524861878,0.0044,0.1187,0.0833,1.425,21.65,0.44,81.17,0.42
"0.6",60,"Small","CITS_spill_3pct",8688,8688,0,-0.0408,0.0574,0.0982,0.0013,240.69,0.0242,0.000337559042052964,0.657803867403315,0.0051,0.249539594843462,0.0046,0.1207,0.0825,1.463,24.95,0.46,65.78,0.51
"0.6",60,"Small","Trd",8688,8688,0,-0.0408,-0.0317,0.0091,0.0042,22.3,0.1501,0.00234037375029671,0.793853591160221,0.0043,0.212592081031308,0.0044,0.3873,0.2646,1.4637,21.26,0.44,79.39,0.43
"0.6",60,"Moderate","CITS",8688,8688,0,-0.3567,-0.3629,-0.0062,0.0013,1.74,0.0141,0.000216666940656027,0.808586556169429,0.0042,0.955686003683241,0.0022,0.1187,0.0825,1.4388,95.57,0.22,80.86,0.42
"0.6",60,"Moderate","CITS_0.4_constant",8688,8688,0,-0.3567,-0.3617,-0.005,0.0013,1.4,0.0139,0.00021440512692552,0.826427255985267,0.0041,0.955340699815838,0.0022,0.1176,0.0834,1.4101,95.53,0.22,82.64,0.41
"0.6",60,"Moderate","CITS_spill_3pct",8688,8688,0,-0.3567,-0.2574,0.0993,0.0013,27.84,0.024,0.000327321606797301,0.657803867403315,0.0051,0.793853591160221,0.0043,0.1188,0.0825,1.44,79.39,0.43,65.78,0.51
"0.6",60,"Moderate","Trd",8688,8688,0,-0.3567,-0.3476,0.0091,0.0043,2.55,0.1582,0.00233304141640021,0.773710865561694,0.0045,0.383057090239411,0.0052,0.3977,0.2647,1.5025,38.31,0.52,77.37,0.45
"0.6",60,"Large","CITS",8688,8688,0,-0.5108,-0.5192,-0.0084,0.0013,1.64,0.0143,0.000214953641686969,0.802946593001842,0.0043,0.998503683241252,4e-04,0.1192,0.0826,1.4431,99.85,0.04,80.29,0.43
"0.6",60,"Large","CITS_0.4_constant",8688,8688,0,-0.5108,-0.5162,-0.0054,0.0013,1.06,0.0139,0.000210757115714033,0.81767955801105,0.0041,0.999309392265193,3e-04,0.118,0.0835,1.4132,99.93,0.03,81.77,0.41
"0.6",60,"Large","CITS_spill_3pct",8688,8688,0,-0.5108,-0.4143,0.0965,0.0013,18.89,0.0236,0.000320724224285364,0.667127071823204,0.0051,0.984346224677716,0.0013,0.1196,0.0826,1.4479,98.43,0.13,66.71,0.51
"0.6",60,"Large","Trd",8688,8688,0,-0.5108,-0.4996,0.0112,0.0043,2.19,0.1615,0.00249063601044942,0.778545119705341,0.0045,0.513121546961326,0.0054,0.4017,0.2662,1.509,51.31,0.54,77.85,0.45
"0.6",80,"Small","CITS",8688,8688,0,-0.0408,-0.0464,-0.0056,0.0011,13.73,0.0104,0.000155483382276591,0.816528545119705,0.0042,0.22640423572744,0.0045,0.102,0.0721,1.4147,22.64,0.45,81.65,0.42
"0.6",80,"Small","CITS_0.4_constant",8688,8688,0,-0.0408,-0.045,-0.0042,0.0011,10.29,0.0104,0.00015592677853466,0.827117863720074,0.0041,0.210980662983425,0.0044,0.1021,0.0733,1.3929,21.1,0.44,82.71,0.41
"0.6",80,"Small","CITS_spill_3pct",8688,8688,0,-0.0408,0.0587,0.0995,0.0011,243.87,0.0203,0.000268699626060841,0.632366482504604,0.0052,0.251611418047882,0.0047,0.1022,0.0721,1.4175,25.16,0.47,63.24,0.52
"0.6",80,"Small","Trd",8688,8688,0,-0.0408,-0.0374,0.0034,0.0038,8.33,0.1251,0.00185007622048428,0.792127071823204,0.0044,0.209599447513812,0.0044,0.3537,0.2415,1.4646,20.96,0.44,79.21,0.44
"0.6",80,"Moderate","CITS",8688,8688,0,-0.3567,-0.3637,-0.007,0.0011,1.96,0.0106,0.000164272645305002,0.814111418047882,0.0042,0.984806629834254,0.0013,0.1029,0.0719,1.4312,98.48,0.13,81.41,0.42
"0.6",80,"Moderate","CITS_0.4_constant",8688,8688,0,-0.3567,-0.3604,-0.0037,0.0011,1.04,0.0105,0.000161205732684188,0.827348066298343,0.0041,0.981353591160221,0.0015,0.1025,0.0732,1.4003,98.14,0.15,82.73,0.41
"0.6",80,"Moderate","CITS_spill_3pct",8688,8688,0,-0.3567,-0.2582,0.0985,0.0011,27.61,0.0203,0.00027289325412635,0.63017955801105,0.0052,0.874884898710866,0.0035,0.1029,0.0719,1.4312,87.49,0.35,63.02,0.52
"0.6",80,"Moderate","Trd",8688,8688,0,-0.3567,-0.3516,0.0051,0.0038,1.43,0.1279,0.0019537204910893,0.78786832412523,0.0044,0.404120626151013,0.0053,0.3576,0.2412,1.4826,40.41,0.53,78.79,0.44
"0.6",80,"Large","CITS",8688,8688,0,-0.5108,-0.5179,-0.0071,0.0011,1.39,0.0109,0.000162231679227531,0.811233885819521,0.0042,0.999884898710866,1e-04,0.1043,0.0722,1.4446,99.99,0.01,81.12,0.42
"0.6",80,"Large","CITS_0.4_constant",8688,8688,0,-0.5108,-0.5143,-0.0035,0.0011,0.69,0.0107,0.000163621928042763,0.823549723756906,0.0041,0.999654696132597,2e-04,0.1035,0.0733,1.412,99.97,0.02,82.35,0.41
"0.6",80,"Large","CITS_spill_3pct",8688,8688,0,-0.5108,-0.4125,0.0983,0.0011,19.24,0.0205,0.00027187298291845,0.628798342541437,0.0052,0.995395948434622,7e-04,0.1042,0.0722,1.4432,99.54,0.07,62.88,0.52
"0.6",80,"Large","Trd",8688,8688,0,-0.5108,-0.5061,0.0047,0.0039,0.92,0.1289,0.00201276591409509,0.790860957642726,0.0044,0.55835635359116,0.0053,0.3591,0.242,1.4839,55.84,0.53,79.09,0.44
"0.6",100,"Small","CITS",8688,8688,0,-0.0408,-0.044,-0.0032,0.001,7.84,0.0085,0.000130848851572649,0.840814917127072,0.0039,0.206261510128913,0.0043,0.0923,0.0681,1.3554,20.63,0.43,84.08,0.39
"0.6",100,"Small","CITS_0.4_constant",8688,8688,0,-0.0408,-0.0425,-0.0017,0.001,4.17,0.0084,0.000128544576122093,0.848872007366482,0.0038,0.191528545119705,0.0042,0.0917,0.0693,1.3232,19.15,0.42,84.89,0.38
"0.6",100,"Small","CITS_spill_3pct",8688,8688,0,-0.0408,0.0612,0.102,0.001,250,0.0189,0.000243553359974333,0.613489871086556,0.0052,0.249424493554328,0.0046,0.0922,0.0682,1.3519,24.94,0.46,61.35,0.52
"0.6",100,"Small","Trd",8688,8688,0,-0.0408,-0.0435,-0.0027,0.0034,6.62,0.1024,0.00159331401799867,0.817909760589319,0.0041,0.181860036832413,0.0041,0.3199,0.2304,1.3885,18.19,0.41,81.79,0.41
"0.6",100,"Moderate","CITS",8688,8688,0,-0.3567,-0.3647,-0.008,0.001,2.24,0.0087,0.000134750899668878,0.838858195211786,0.0039,0.992288213627993,9e-04,0.0929,0.0688,1.3503,99.23,0.09,83.89,0.39
"0.6",100,"Moderate","CITS_0.4_constant",8688,8688,0,-0.3567,-0.3611,-0.0044,0.001,1.23,0.0083,0.000127813235567991,0.853821362799263,0.0038,0.992403314917127,9e-04,0.0912,0.0697,1.3085,99.24,0.09,85.38,0.38
"0.6",100,"Moderate","CITS_spill_3pct",8688,8688,0,-0.3567,-0.2594,0.0973,0.001,27.28,0.018,0.000228820220714745,0.62810773480663,0.0052,0.911487108655617,0.003,0.0926,0.0688,1.3459,91.15,0.3,62.81,0.52
"0.6",100,"Moderate","Trd",8688,8688,0,-0.3567,-0.3539,0.0028,0.0035,0.78,0.1068,0.00160352788667157,0.804097605893186,0.0043,0.410451197053407,0.0053,0.3268,0.2303,1.419,41.05,0.53,80.41,0.43
"0.6",100,"Large","CITS",8688,8688,0,-0.5108,-0.5183,-0.0075,0.001,1.47,0.0082,0.000127046200607142,0.845879373848987,0.0039,0.999884898710866,1e-04,0.0905,0.0684,1.3231,99.99,0.01,84.59,0.39
"0.6",100,"Large","CITS_0.4_constant",8688,8688,0,-0.5108,-0.5152,-0.0044,0.001,0.86,0.0083,0.000126218985346208,0.847720994475138,0.0039,0.999884898710866,1e-04,0.0912,0.0696,1.3103,99.99,0.01,84.77,0.39
"0.6",100,"Large","CITS_spill_3pct",8688,8688,0,-0.5108,-0.4131,0.0977,0.001,19.13,0.0177,0.000230886380430717,0.641919889502762,0.0051,0.998273480662983,4e-04,0.0905,0.0685,1.3212,99.83,0.04,64.19,0.51
"0.6",100,"Large","Trd",8688,8688,0,-0.5108,-0.5064,0.0044,0.0035,0.86,0.1066,0.00162149250910108,0.81042817679558,0.0042,0.58816758747698,0.0053,0.3265,0.2305,1.4165,58.82,0.53,81.04,0.42
"0.6",150,"Small","CITS",8688,8688,0,-0.0408,-0.0439,-0.0031,8e-04,7.6,0.0056,8.47287718892072e-05,0.849447513812155,0.0038,0.215354511970534,0.0044,0.0748,0.0565,1.3239,21.54,0.44,84.94,0.38
"0.6",150,"Small","CITS_0.4_constant",8688,8688,0,-0.0408,-0.0413,-5e-04,8e-04,1.23,0.0057,8.57488996713503e-05,0.856468692449355,0.0038,0.197168508287293,0.0043,0.0753,0.0579,1.3005,19.72,0.43,85.65,0.38
"0.6",150,"Small","CITS_spill_3pct",8688,8688,0,-0.0408,0.0612,0.102,8e-04,250,0.016,0.000185601512587914,0.541206261510129,0.0053,0.272444751381215,0.0048,0.0748,0.0566,1.3216,27.24,0.48,54.12,0.53
"0.6",150,"Small","Trd",8688,8688,0,-0.0408,-0.0363,0.0045,0.0028,11.03,0.0693,0.00107057380227656,0.833793738489871,0.004,0.16908379373849,0.004,0.2632,0.1946,1.3525,16.91,0.4,83.38,0.4
"0.6",150,"Moderate","CITS",8688,8688,0,-0.3567,-0.3623,-0.0056,8e-04,1.57,0.0056,8.72213912427821e-05,0.852900552486188,0.0038,0.999769797421731,2e-04,0.0749,0.0567,1.321,99.98,0.02,85.29,0.38
"0.6",150,"Moderate","CITS_0.4_constant",8688,8688,0,-0.3567,-0.3592,-0.0025,8e-04,0.7,0.0057,8.78282202946751e-05,0.860382136279926,0.0037,0.999194290976059,3e-04,0.0753,0.0579,1.3005,99.92,0.03,86.04,0.37
"0.6",150,"Moderate","CITS_spill_3pct",8688,8688,0,-0.3567,-0.2571,0.0996,8e-04,27.92,0.0156,0.000181999815266615,0.551335174953959,0.0053,0.973872007366482,0.0017,0.075,0.0568,1.3204,97.39,0.17,55.13,0.53
"0.6",150,"Moderate","Trd",8688,8688,0,-0.3567,-0.3525,0.0042,0.0029,1.18,0.0736,0.0011103563199637,0.822744014732965,0.0041,0.472720994475138,0.0054,0.2712,0.1951,1.3901,47.27,0.54,82.27,0.41
"0.6",150,"Large","CITS",8688,8688,0,-0.5108,-0.5178,-0.007,8e-04,1.37,0.0056,8.41655586798706e-05,0.854051565377532,0.0038,1,0,0.0747,0.0568,1.3151,100,0,85.41,0.38
"0.6",150,"Large","CITS_0.4_constant",8688,8688,0,-0.5108,-0.5141,-0.0033,8e-04,0.65,0.0056,8.66495629732541e-05,0.860151933701657,0.0037,1,0,0.0748,0.058,1.2897,100,0,86.02,0.37
"0.6",150,"Large","CITS_spill_3pct",8688,8688,0,-0.5108,-0.4125,0.0983,8e-04,19.24,0.0152,0.000176765867965301,0.556860036832412,0.0053,1,0,0.0748,0.0568,1.3169,100,0,55.69,0.53
"0.6",150,"Large","Trd",8688,8688,0,-0.5108,-0.512,-0.0012,0.0029,0.23,0.0724,0.0011049880970658,0.827463167587477,0.0041,0.687845303867403,0.005,0.2692,0.1964,1.3707,68.78,0.5,82.75,0.41
"0.8",12,"Small","CITS",8688,8688,0,-0.0408,-0.0466,-0.0058,0.0045,14.22,0.1721,0.00263964375637847,0.456721915285451,0.0053,0.548457642725598,0.0053,0.4148,0.1529,2.7129,54.85,0.53,45.67,0.53
"0.8",12,"Small","CITS_0.4_constant",8688,8688,0,-0.0408,-0.046,-0.0052,0.0042,12.75,0.1564,0.00236529312025033,0.549033149171271,0.0053,0.45177255985267,0.0053,0.3954,0.1714,2.3069,45.18,0.53,54.9,0.53
"0.8",12,"Small","CITS_spill_3pct",8688,8688,0,-0.0408,0.058,0.0988,0.0045,242.16,0.182,0.00276529309368519,0.440262430939227,0.0053,0.550874769797422,0.0053,0.415,0.1535,2.7036,55.09,0.53,44.03,0.53
"0.8",12,"Small","Trd",8688,8688,0,-0.0408,-0.0337,0.0071,0.0052,17.4,0.2329,0.00363179164566568,0.733540515653775,0.0047,0.26530847145488,0.0047,0.4826,0.3284,1.4695,26.53,0.47,73.35,0.47
"0.8",12,"Moderate","CITS",8688,8688,0,-0.3567,-0.3591,-0.0024,0.0044,0.67,0.1702,0.00261419614353974,0.460290055248619,0.0053,0.658839779005525,0.0051,0.4125,0.1522,2.7102,65.88,0.51,46.03,0.53
"0.8",12,"Moderate","CITS_0.4_constant",8688,8688,0,-0.3567,-0.358,-0.0013,0.0042,0.36,0.1546,0.00245059117133084,0.55421270718232,0.0053,0.598756906077348,0.0053,0.3932,0.1717,2.29,59.88,0.53,55.42,0.53
"0.8",12,"Moderate","CITS_spill_3pct",8688,8688,0,-0.3567,-0.2534,0.1033,0.0044,28.96,0.1816,0.00272803801861407,0.44578729281768,0.0053,0.601979742173112,0.0053,0.4134,0.1522,2.7162,60.2,0.53,44.58,0.53
"0.8",12,"Moderate","Trd",8688,8688,0,-0.3567,-0.3433,0.0134,0.0052,3.76,0.236,0.00366448417850729,0.741827808471455,0.0047,0.366482504604052,0.0052,0.4856,0.3307,1.4684,36.65,0.52,74.18,0.47
"0.8",12,"Large","CITS",8688,8688,0,-0.5108,-0.5157,-0.0049,0.0044,0.96,0.1657,0.00257043714607359,0.472145488029466,0.0054,0.750690607734807,0.0046,0.4071,0.1534,2.6538,75.07,0.46,47.21,0.54
"0.8",12,"Large","CITS_0.4_constant",8688,8688,0,-0.5108,-0.5152,-0.0044,0.0042,0.86,0.1536,0.0023938107605755,0.549378453038674,0.0053,0.718116942909761,0.0048,0.3919,0.1716,2.2838,71.81,0.48,54.94,0.53
"0.8",12,"Large","CITS_spill_3pct",8688,8688,0,-0.5108,-0.4106,0.1002,0.0044,19.62,0.1761,0.00268986790319804,0.449240331491713,0.0053,0.686579189686924,0.005,0.4075,0.1536,2.653,68.66,0.5,44.92,0.53
"0.8",12,"Large","Trd",8688,8688,0,-0.5108,-0.5018,0.009,0.0051,1.76,0.2302,0.00348721308550088,0.749079189686924,0.0047,0.468232044198895,0.0054,0.4798,0.3339,1.437,46.82,0.54,74.91,0.47
"0.8",14,"Small","CITS",8688,8688,0,-0.0408,-0.0546,-0.0138,0.0044,33.82,0.1656,0.00256864232319718,0.463973296500921,0.0054,0.540285451197053,0.0053,0.4068,0.1507,2.6994,54.03,0.53,46.4,0.54
"0.8",14,"Small","CITS_0.4_constant",8688,8688,0,-0.0408,-0.0455,-0.0047,0.0042,11.52,0.1502,0.00234373789857178,0.564456721915285,0.0053,0.439341620626151,0.0053,0.3875,0.1687,2.297,43.93,0.53,56.45,0.53
"0.8",14,"Small","CITS_spill_3pct",8688,8688,0,-0.0408,0.0513,0.0921,0.0044,225.74,0.1742,0.00266172802984357,0.456376611418048,0.0053,0.535681399631676,0.0054,0.4071,0.1508,2.6996,53.57,0.54,45.64,0.53
"0.8",14,"Small","Trd",8688,8688,0,-0.0408,-0.0245,0.0163,0.0052,39.95,0.237,0.00365265182545826,0.730662983425414,0.0048,0.271293738489871,0.0048,0.4865,0.317,1.5347,27.13,0.48,73.07,0.48
"0.8",14,"Moderate","CITS",8688,8688,0,-0.3567,-0.371,-0.0143,0.0043,4.01,0.1644,0.00255886761219165,0.462476979742173,0.0053,0.667817679558011,0.0051,0.4052,0.15,2.7013,66.78,0.51,46.25,0.53
"0.8",14,"Moderate","CITS_0.4_constant",8688,8688,0,-0.3567,-0.3684,-0.0117,0.0042,3.28,0.15,0.00232118183321391,0.553867403314917,0.0053,0.6076197053407,0.0052,0.3872,0.1676,2.3103,60.76,0.52,55.39,0.53
"0.8",14,"Moderate","CITS_spill_3pct",8688,8688,0,-0.3567,-0.2657,0.091,0.0043,25.51,0.1723,0.00262815645131703,0.451657458563536,0.0053,0.606123388581952,0.0052,0.405,0.1502,2.6964,60.61,0.52,45.17,0.53
"0.8",14,"Moderate","Trd",8688,8688,0,-0.3567,-0.3444,0.0123,0.0054,3.45,0.2498,0.00370038552762009,0.717886740331492,0.0048,0.386510128913444,0.0052,0.4997,0.3175,1.5739,38.65,0.52,71.79,0.48
"0.8",14,"Large","CITS",8688,8688,0,-0.5108,-0.5242,-0.0134,0.0043,2.62,0.1619,0.00256376753262625,0.473066298342541,0.0054,0.761279926335175,0.0046,0.4022,0.1506,2.6707,76.13,0.46,47.31,0.54
"0.8",14,"Large","CITS_0.4_constant",8688,8688,0,-0.5108,-0.5198,-0.009,0.0041,1.76,0.1477,0.00231095759828704,0.563996316758748,0.0053,0.727555248618785,0.0048,0.3842,0.1694,2.268,72.76,0.48,56.4,0.53
"0.8",14,"Large","CITS_spill_3pct",8688,8688,0,-0.5108,-0.4185,0.0923,0.0043,18.07,0.1707,0.00263732395850788,0.45591620626151,0.0053,0.689686924493554,0.005,0.4027,0.1507,2.6722,68.97,0.5,45.59,0.53
"0.8",14,"Large","Trd",8688,8688,0,-0.5108,-0.4913,0.0195,0.0054,3.82,0.2514,0.0038102536437229,0.72847605893186,0.0048,0.467081031307551,0.0054,0.501,0.3242,1.5453,46.71,0.54,72.85,0.48
"0.8",16,"Small","CITS",8688,8688,0,-0.0408,-0.0524,-0.0116,0.0043,28.43,0.1642,0.00249635182491075,0.471339779005525,0.0054,0.531652854511971,0.0054,0.4051,0.1556,2.6035,53.17,0.54,47.13,0.54
"0.8",16,"Small","CITS_0.4_constant",8688,8688,0,-0.0408,-0.05,-0.0092,0.0041,22.55,0.1492,0.00222040070981437,0.557780847145488,0.0053,0.441758747697974,0.0053,0.3862,0.1711,2.2572,44.18,0.53,55.78,0.53
"0.8",16,"Small","CITS_spill_3pct",8688,8688,0,-0.0408,0.0526,0.0934,0.0043,228.92,0.1718,0.00256775724803589,0.46213167587477,0.0053,0.531652854511971,0.0054,0.4039,0.1558,2.5924,53.17,0.54,46.21,0.53
"0.8",16,"Small","Trd",8688,8688,0,-0.0408,-0.0284,0.0124,0.0054,30.39,0.257,0.00400067759321108,0.686003683241252,0.005,0.312615101289134,0.005,0.5068,0.3077,1.6471,31.26,0.5,68.6,0.5
"0.8",16,"Moderate","CITS",8688,8688,0,-0.3567,-0.3627,-0.006,0.0043,1.68,0.1636,0.0025500059168726,0.478360957642726,0.0054,0.651588397790055,0.0051,0.4045,0.1554,2.603,65.16,0.51,47.84,0.54
"0.8",16,"Moderate","CITS_0.4_constant",8688,8688,0,-0.3567,-0.363,-0.0063,0.0041,1.77,0.1485,0.00226591154286914,0.560197974217311,0.0053,0.593922651933702,0.0053,0.3853,0.1719,2.2414,59.39,0.53,56.02,0.53
"0.8",16,"Moderate","CITS_spill_3pct",8688,8688,0,-0.3567,-0.2569,0.0998,0.0043,27.98,0.1732,0.00262744387501014,0.462707182320442,0.0053,0.588743093922652,0.0053,0.404,0.1554,2.5997,58.87,0.53,46.27,0.53
"0.8",16,"Moderate","Trd",8688,8688,0,-0.3567,-0.3369,0.0198,0.0055,5.55,0.2662,0.00413027547497851,0.683701657458563,0.005,0.401127992633518,0.0053,0.5156,0.3103,1.6616,40.11,0.53,68.37,0.5
"0.8",16,"Large","CITS",8688,8688,0,-0.5108,-0.5185,-0.0077,0.0042,1.51,0.1565,0.00240559588902187,0.486187845303867,0.0054,0.751611418047882,0.0046,0.3956,0.1551,2.5506,75.16,0.46,48.62,0.54
"0.8",16,"Large","CITS_0.4_constant",8688,8688,0,-0.5108,-0.5154,-0.0046,0.0041,0.9,0.1467,0.00222920902915832,0.563420810313076,0.0053,0.721915285451197,0.0048,0.383,0.1703,2.249,72.19,0.48,56.34,0.53
"0.8",16,"Large","CITS_spill_3pct",8688,8688,0,-0.5108,-0.4132,0.0976,0.0043,19.11,0.1667,0.00251935309538791,0.471454880294659,0.0054,0.681399631675875,0.005,0.3965,0.1553,2.5531,68.14,0.5,47.15,0.54
"0.8",16,"Large","Trd",8688,8688,0,-0.5108,-0.4962,0.0146,0.0056,2.86,0.2761,0.00425468991671926,0.680478821362799,0.005,0.501381215469613,0.0054,0.5253,0.3099,1.6951,50.14,0.54,68.05,0.5
"0.8",18,"Small","CITS",8688,8688,0,-0.0408,-0.048,-0.0072,0.0042,17.65,0.1561,0.00246283527547334,0.492173112338858,0.0054,0.514042357274402,0.0054,0.3951,0.1552,2.5457,51.4,0.54,49.22,0.54
"0.8",18,"Small","CITS_0.4_constant",8688,8688,0,-0.0408,-0.0476,-0.0068,0.0041,16.67,0.1433,0.00223773150476401,0.574470534069982,0.0053,0.431514732965009,0.0053,0.3785,0.1709,2.2147,43.15,0.53,57.45,0.53
"0.8",18,"Small","CITS_spill_3pct",8688,8688,0,-0.0408,0.0581,0.0989,0.0042,242.4,0.1663,0.00254502214265498,0.476634438305709,0.0054,0.511049723756906,0.0054,0.3956,0.1549,2.5539,51.1,0.54,47.66,0.54
"0.8",18,"Small","Trd",8688,8688,0,-0.0408,-0.0276,0.0132,0.0056,32.35,0.2723,0.00419274466944254,0.700966850828729,0.0049,0.299608655616943,0.0049,0.5217,0.316,1.6509,29.96,0.49,70.1,0.49
"0.8",18,"Moderate","CITS",8688,8688,0,-0.3567,-0.3714,-0.0147,0.0042,4.12,0.1553,0.00236232299456777,0.48779926335175,0.0054,0.654581031307551,0.0051,0.3939,0.1547,2.5462,65.46,0.51,48.78,0.54
"0.8",18,"Moderate","CITS_0.4_constant",8688,8688,0,-0.3567,-0.3692,-0.0125,0.004,3.5,0.1366,0.00206310705415137,0.582412523020258,0.0053,0.595649171270718,0.0053,0.3695,0.1695,2.1799,59.56,0.53,58.24,0.53
"0.8",18,"Moderate","CITS_spill_3pct",8688,8688,0,-0.3567,-0.2661,0.0906,0.0042,25.4,0.1628,0.00239172137299644,0.476979742173112,0.0054,0.585174953959484,0.0053,0.3932,0.1547,2.5417,58.52,0.53,47.7,0.54
"0.8",18,"Moderate","Trd",8688,8688,0,-0.3567,-0.3355,0.0212,0.0056,5.94,0.2777,0.00418443688880371,0.697744014732965,0.0049,0.401358195211786,0.0053,0.5265,0.3194,1.6484,40.14,0.53,69.77,0.49
"0.8",18,"Large","CITS",8688,8688,0,-0.5108,-0.5283,-0.0175,0.0042,3.43,0.1561,0.0024089036723616,0.496546961325967,0.0054,0.757481583793739,0.0046,0.3947,0.1558,2.5334,75.75,0.46,49.65,0.54
"0.8",18,"Large","CITS_0.4_constant",8688,8688,0,-0.5108,-0.5216,-0.0108,0.0041,2.11,0.1438,0.00217446632611993,0.564111418047882,0.0053,0.7152394106814,0.0048,0.3791,0.1708,2.2196,71.52,0.48,56.41,0.53
"0.8",18,"Large","CITS_spill_3pct",8688,8688,0,-0.5108,-0.4228,0.088,0.0042,17.23,0.1634,0.00246823193413916,0.483425414364641,0.0054,0.688190607734807,0.005,0.3946,0.1559,2.5311,68.82,0.5,48.34,0.54
"0.8",18,"Large","Trd",8688,8688,0,-0.5108,-0.4948,0.016,0.0057,3.13,0.2847,0.00429064472777334,0.689341620626151,0.005,0.485036832412523,0.0054,0.5334,0.3203,1.6653,48.5,0.54,68.93,0.5
"0.8",20,"Small","CITS",8688,8688,0,-0.0408,-0.052,-0.0112,0.0042,27.45,0.1518,0.00233988288945176,0.48883517495396,0.0054,0.508402394106814,0.0054,0.3895,0.1538,2.5325,50.84,0.54,48.88,0.54
"0.8",20,"Small","CITS_0.4_constant",8688,8688,0,-0.0408,-0.0405,3e-04,0.0041,0.74,0.1441,0.00220939735829365,0.574930939226519,0.0053,0.429327808471455,0.0053,0.3796,0.1697,2.2369,42.93,0.53,57.49,0.53
"0.8",20,"Small","CITS_spill_3pct",8688,8688,0,-0.0408,0.0532,0.094,0.0042,230.39,0.1609,0.00242677340896182,0.48158379373849,0.0054,0.510589318600368,0.0054,0.39,0.1539,2.5341,51.06,0.54,48.16,0.54
"0.8",20,"Small","Trd",8688,8688,0,-0.0408,-0.0158,0.025,0.0057,61.27,0.2793,0.00428680609179519,0.705686003683241,0.0049,0.293508287292818,0.0049,0.5279,0.3275,1.6119,29.35,0.49,70.57,0.49
"0.8",20,"Moderate","CITS",8688,8688,0,-0.3567,-0.3675,-0.0108,0.0041,3.03,0.1492,0.00224716339368192,0.499424493554328,0.0054,0.650207182320442,0.0051,0.3862,0.1544,2.5013,65.02,0.51,49.94,0.54
"0.8",20,"Moderate","CITS_0.4_constant",8688,8688,0,-0.3567,-0.3684,-0.0117,0.004,3.28,0.1405,0.00212451386475462,0.58091620626151,0.0053,0.60140423572744,0.0053,0.3746,0.1702,2.2009,60.14,0.53,58.09,0.53
"0.8",20,"Moderate","CITS_spill_3pct",8688,8688,0,-0.3567,-0.2625,0.0942,0.0041,26.41,0.1577,0.00233699045923012,0.489525782688766,0.0054,0.58195211786372,0.0053,0.3858,0.1547,2.4939,58.2,0.53,48.95,0.54
"0.8",20,"Moderate","Trd",8688,8688,0,-0.3567,-0.3404,0.0163,0.0058,4.57,0.2949,0.0045012282916825,0.699125230202578,0.0049,0.394682320441989,0.0052,0.5428,0.3291,1.6493,39.47,0.52,69.91,0.49
"0.8",20,"Large","CITS",8688,8688,0,-0.5108,-0.5223,-0.0115,0.0041,2.25,0.1443,0.00225896058412884,0.505985267034991,0.0054,0.761740331491713,0.0046,0.3797,0.1529,2.4833,76.17,0.46,50.6,0.54
"0.8",20,"Large","CITS_0.4_constant",8688,8688,0,-0.5108,-0.5152,-0.0044,0.0039,0.86,0.1354,0.00204685143907988,0.588052486187845,0.0053,0.72018876611418,0.0048,0.368,0.1692,2.1749,72.02,0.48,58.81,0.53
"0.8",20,"Large","CITS_spill_3pct",8688,8688,0,-0.5108,-0.4175,0.0933,0.0041,18.27,0.1533,0.00232678814232147,0.495050644567219,0.0054,0.686809392265193,0.005,0.3803,0.1528,2.4889,68.68,0.5,49.51,0.54
"0.8",20,"Large","Trd",8688,8688,0,-0.5108,-0.4842,0.0266,0.0058,5.21,0.2947,0.00446566381870289,0.696593001841621,0.0049,0.463973296500921,0.0054,0.5422,0.3291,1.6475,46.4,0.54,69.66,0.49
"0.8",24,"Small","CITS",8688,8688,0,-0.0408,-0.0517,-0.0109,0.0039,26.72,0.1331,0.00203470982929263,0.524171270718232,0.0054,0.476519337016575,0.0054,0.3646,0.1503,2.4258,47.65,0.54,52.42,0.54
"0.8",24,"Small","CITS_0.4_constant",8688,8688,0,-0.0408,-0.0479,-0.0071,0.0039,17.4,0.1323,0.00202067608197528,0.589548802946593,0.0053,0.416551565377532,0.0053,0.3637,0.1668,2.1805,41.66,0.53,58.95,0.53
"0.8",24,"Small","CITS_spill_3pct",8688,8688,0,-0.0408,0.0539,0.0947,0.0039,232.11,0.1422,0.00212203419519936,0.503453038674033,0.0054,0.485151933701657,0.0054,0.3651,0.1504,2.4275,48.52,0.54,50.35,0.54
"0.8",24,"Small","Trd",8688,8688,0,-0.0408,-0.0252,0.0156,0.0058,38.24,0.2958,0.00456186759201359,0.717541436464088,0.0048,0.282918968692449,0.0048,0.5437,0.3405,1.5968,28.29,0.48,71.75,0.48
"0.8",24,"Moderate","CITS",8688,8688,0,-0.3567,-0.3672,-0.0105,0.0039,2.94,0.1337,0.0020556388633862,0.515078268876611,0.0054,0.657343462246777,0.0051,0.3655,0.1493,2.4481,65.73,0.51,51.51,0.54
"0.8",24,"Moderate","CITS_0.4_constant",8688,8688,0,-0.3567,-0.3601,-0.0034,0.0039,0.95,0.1297,0.00198006394357693,0.585750460405157,0.0053,0.589433701657459,0.0053,0.3601,0.1661,2.168,58.94,0.53,58.58,0.53
"0.8",24,"Moderate","CITS_spill_3pct",8688,8688,0,-0.3567,-0.2626,0.0941,0.0039,26.38,0.1424,0.00211630872253142,0.497697974217311,0.0054,0.571362799263352,0.0053,0.3654,0.1492,2.4491,57.14,0.53,49.77,0.54
"0.8",24,"Moderate","Trd",8688,8688,0,-0.3567,-0.3325,0.0242,0.0059,6.78,0.303,0.00460482830754418,0.704995395948435,0.0049,0.37085635359116,0.0052,0.55,0.3388,1.6234,37.09,0.52,70.5,0.49
"0.8",24,"Large","CITS",8688,8688,0,-0.5108,-0.5249,-0.0141,0.0039,2.76,0.133,0.00213148173614021,0.530732044198895,0.0054,0.774401473296501,0.0045,0.3644,0.1491,2.444,77.44,0.45,53.07,0.54
"0.8",24,"Large","CITS_0.4_constant",8688,8688,0,-0.5108,-0.5193,-0.0085,0.0039,1.66,0.1356,0.00202122764493159,0.573089318600368,0.0053,0.729396869244936,0.0048,0.3681,0.1658,2.2201,72.94,0.48,57.31,0.53
"0.8",24,"Large","CITS_spill_3pct",8688,8688,0,-0.5108,-0.4196,0.0912,0.0039,17.85,0.1412,0.00216861287887583,0.505755064456722,0.0054,0.693945672191529,0.0049,0.3645,0.1491,2.4447,69.39,0.49,50.58,0.54
"0.8",24,"Large","Trd",8688,8688,0,-0.5108,-0.4913,0.0195,0.006,3.82,0.3165,0.00486891511256212,0.696132596685083,0.0049,0.460520257826888,0.0053,0.5623,0.337,1.6685,46.05,0.53,69.61,0.49
"0.8",28,"Small","CITS",8688,8688,0,-0.0408,-0.0535,-0.0127,0.0037,31.13,0.1161,0.00177694191440976,0.552831491712707,0.0053,0.45177255985267,0.0053,0.3406,0.1455,2.3409,45.18,0.53,55.28,0.53
"0.8",28,"Small","CITS_0.4_constant",8688,8688,0,-0.0408,-0.0506,-0.0098,0.0037,24.02,0.1211,0.00187408299056341,0.598526703499079,0.0053,0.402048802946593,0.0053,0.3479,0.1621,2.1462,40.2,0.53,59.85,0.53
"0.8",28,"Small","CITS_spill_3pct",8688,8688,0,-0.0408,0.0519,0.0927,0.0037,227.21,0.1245,0.00183638526932855,0.518876611418048,0.0054,0.46316758747698,0.0053,0.3404,0.1454,2.3411,46.32,0.53,51.89,0.54
"0.8",28,"Small","Trd",8688,8688,0,-0.0408,-0.0311,0.0097,0.006,23.77,0.3089,0.00479615009374131,0.7222605893186,0.0048,0.280962246777164,0.0048,0.5557,0.3461,1.6056,28.1,0.48,72.23,0.48
"0.8",28,"Moderate","CITS",8688,8688,0,-0.3567,-0.3702,-0.0135,0.0037,3.78,0.1167,0.00180843363431881,0.548918047882136,0.0053,0.653430018416206,0.0051,0.3414,0.1456,2.3448,65.34,0.51,54.89,0.53
"0.8",28,"Moderate","CITS_0.4_constant",8688,8688,0,-0.3567,-0.3623,-0.0056,0.0037,1.57,0.1197,0.00178670424442989,0.602555248618785,0.0053,0.591620626151013,0.0053,0.3459,0.1625,2.1286,59.16,0.53,60.26,0.53
"0.8",28,"Moderate","CITS_spill_3pct",8688,8688,0,-0.3567,-0.2653,0.0914,0.0037,25.62,0.1251,0.00186621329163355,0.531883057090239,0.0054,0.571017495395948,0.0053,0.3416,0.1457,2.3445,57.1,0.53,53.19,0.54
"0.8",28,"Moderate","Trd",8688,8688,0,-0.3567,-0.3349,0.0218,0.006,6.11,0.3165,0.00482954358617564,0.715469613259669,0.0048,0.36774861878453,0.0052,0.5622,0.3466,1.622,36.77,0.52,71.55,0.48
"0.8",28,"Large","CITS",8688,8688,0,-0.5108,-0.5276,-0.0168,0.0036,3.29,0.1158,0.00178119944043941,0.55029926335175,0.0053,0.788328729281768,0.0044,0.3399,0.1457,2.3329,78.83,0.44,55.03,0.53
"0.8",28,"Large","CITS_0.4_constant",8688,8688,0,-0.5108,-0.5131,-0.0023,0.0038,0.45,0.1224,0.00189291637004623,0.595994475138122,0.0053,0.732504604051565,0.0047,0.3499,0.1624,2.1546,73.25,0.47,59.6,0.53
"0.8",28,"Large","CITS_spill_3pct",8688,8688,0,-0.5108,-0.423,0.0878,0.0036,17.19,0.1231,0.00184264128730262,0.524056169429098,0.0054,0.705225598526704,0.0049,0.3397,0.1457,2.3315,70.52,0.49,52.41,0.54
"0.8",28,"Large","Trd",8688,8688,0,-0.5108,-0.4816,0.0292,0.006,5.72,0.3186,0.00499054739674546,0.718116942909761,0.0048,0.450276243093923,0.0053,0.5637,0.3453,1.6325,45.03,0.53,71.81,0.48
"0.8",32,"Small","CITS",8688,8688,0,-0.0408,-0.0525,-0.0117,0.0034,28.68,0.1034,0.00159339956678924,0.566528545119705,0.0053,0.440492633517495,0.0053,0.3214,0.1397,2.3006,44.05,0.53,56.65,0.53
"0.8",32,"Small","CITS_0.4_constant",8688,8688,0,-0.0408,-0.043,-0.0022,0.0036,5.39,0.1139,0.0017232039385195,0.607044198895028,0.0052,0.398365561694291,0.0053,0.3375,0.1579,2.1374,39.84,0.53,60.7,0.52
"0.8",32,"Small","CITS_spill_3pct",8688,8688,0,-0.0408,0.0529,0.0937,0.0034,229.66,0.112,0.00164632953075079,0.540285451197053,0.0053,0.447168508287293,0.0053,0.3213,0.1398,2.2983,44.72,0.53,54.03,0.53
"0.8",32,"Small","Trd",8688,8688,0,-0.0408,-0.0219,0.0189,0.006,46.32,0.3082,0.00485227240583541,0.734346224677716,0.0047,0.266804788213628,0.0047,0.5548,0.3534,1.5699,26.68,0.47,73.43,0.47
"0.8",32,"Moderate","CITS",8688,8688,0,-0.3567,-0.3728,-0.0161,0.0034,4.51,0.1022,0.00163222770954965,0.564802025782689,0.0053,0.667587476979742,0.0051,0.3192,0.1405,2.2719,66.76,0.51,56.48,0.53
"0.8",32,"Moderate","CITS_0.4_constant",8688,8688,0,-0.3567,-0.3617,-0.005,0.0036,1.4,0.1149,0.0017457298745927,0.61176335174954,0.0052,0.599792817679558,0.0053,0.3389,0.1588,2.1341,59.98,0.53,61.18,0.52
"0.8",32,"Moderate","CITS_spill_3pct",8688,8688,0,-0.3567,-0.2673,0.0894,0.0034,25.06,0.1102,0.00168247300977867,0.548112338858195,0.0053,0.57078729281768,0.0053,0.3197,0.1406,2.2738,57.08,0.53,54.81,0.53
"0.8",32,"Moderate","Trd",8688,8688,0,-0.3567,-0.3376,0.0191,0.0061,5.35,0.3208,0.00482831917230732,0.725713627992634,0.0048,0.361418047882136,0.0052,0.5661,0.3503,1.616,36.14,0.52,72.57,0.48
"0.8",32,"Large","CITS",8688,8688,0,-0.5108,-0.527,-0.0162,0.0035,3.17,0.1043,0.00165913270783604,0.565492633517495,0.0053,0.803637200736648,0.0043,0.3226,0.14,2.3043,80.36,0.43,56.55,0.53
"0.8",32,"Large","CITS_0.4_constant",8688,8688,0,-0.5108,-0.5203,-0.0095,0.0037,1.86,0.116,0.00177409655206603,0.60347605893186,0.0052,0.744244935543278,0.0047,0.3405,0.1589,2.1429,74.42,0.47,60.35,0.52
"0.8",32,"Large","CITS_spill_3pct",8688,8688,0,-0.5108,-0.4222,0.0886,0.0035,17.35,0.1114,0.00170091856440412,0.538789134438306,0.0053,0.717196132596685,0.0048,0.3218,0.1402,2.2953,71.72,0.48,53.88,0.53
"0.8",32,"Large","Trd",8688,8688,0,-0.5108,-0.4902,0.0206,0.0063,4.03,0.3406,0.00535203068445316,0.718232044198895,0.0048,0.443139963167587,0.0053,0.5833,0.3523,1.6557,44.31,0.53,71.82,0.48
"0.8",36,"Small","CITS",8688,8688,0,-0.0408,-0.0522,-0.0114,0.0033,27.94,0.094,0.00147596400427628,0.573089318600368,0.0053,0.432435543278085,0.0053,0.3064,0.1357,2.2579,43.24,0.53,57.31,0.53
"0.8",36,"Small","CITS_0.4_constant",8688,8688,0,-0.0408,-0.0496,-0.0088,0.0035,21.57,0.1058,0.00166166800034979,0.617058011049724,0.0052,0.388812154696133,0.0052,0.3251,0.1541,2.1097,38.88,0.52,61.71,0.52
"0.8",36,"Small","CITS_spill_3pct",8688,8688,0,-0.0408,0.0527,0.0935,0.0033,229.17,0.1025,0.00153680228468223,0.541666666666667,0.0053,0.441988950276243,0.0053,0.3062,0.1358,2.2548,44.2,0.53,54.17,0.53
"0.8",36,"Small","Trd",8688,8688,0,-0.0408,-0.0298,0.011,0.0062,26.96,0.3296,0.00503443794644541,0.740791896869245,0.0047,0.257711786372007,0.0047,0.574,0.3637,1.5782,25.77,0.47,74.08,0.47
"0.8",36,"Moderate","CITS",8688,8688,0,-0.3567,-0.3755,-0.0188,0.0033,5.27,0.0928,0.00142103674724905,0.569175874769797,0.0053,0.682550644567219,0.005,0.3041,0.1356,2.2426,68.26,0.5,56.92,0.53
"0.8",36,"Moderate","CITS_0.4_constant",8688,8688,0,-0.3567,-0.3612,-0.0045,0.0035,1.26,0.1067,0.00161025020604105,0.609461325966851,0.0052,0.614295580110497,0.0052,0.3267,0.1535,2.1283,61.43,0.52,60.95,0.52
"0.8",36,"Moderate","CITS_spill_3pct",8688,8688,0,-0.3567,-0.2698,0.0869,0.0033,24.36,0.0999,0.00148662967905019,0.55421270718232,0.0053,0.576427255985267,0.0053,0.304,0.1357,2.2402,57.64,0.53,55.42,0.53
"0.8",36,"Moderate","Trd",8688,8688,0,-0.3567,-0.3268,0.0299,0.0062,8.38,0.3395,0.00519859176858656,0.730662983425414,0.0048,0.343462246777164,0.0051,0.5819,0.3592,1.62,34.35,0.51,73.07,0.48
"0.8",36,"Large","CITS",8688,8688,0,-0.5108,-0.5263,-0.0155,0.0033,3.03,0.0946,0.0014576049722905,0.569636279926335,0.0053,0.812730202578269,0.0042,0.3072,0.1358,2.2622,81.27,0.42,56.96,0.53
"0.8",36,"Large","CITS_0.4_constant",8688,8688,0,-0.5108,-0.5224,-0.0116,0.0035,2.27,0.107,0.00163821795620093,0.615216390423573,0.0052,0.761049723756906,0.0046,0.3269,0.1548,2.1118,76.1,0.46,61.52,0.52
"0.8",36,"Large","CITS_spill_3pct",8688,8688,0,-0.5108,-0.4208,0.09,0.0033,17.62,0.1026,0.00154775196223514,0.552255985267035,0.0053,0.72847605893186,0.0048,0.3074,0.1359,2.262,72.85,0.48,55.23,0.53
"0.8",36,"Large","Trd",8688,8688,0,-0.5108,-0.4893,0.0215,0.0064,4.21,0.3549,0.0053086637004361,0.718922651933702,0.0048,0.428061694290976,0.0053,0.5953,0.3613,1.6477,42.81,0.53,71.89,0.48
"0.8",40,"Small","CITS",8688,8688,0,-0.0408,-0.0513,-0.0105,0.003,25.74,0.0801,0.00125815174187115,0.594613259668508,0.0053,0.408494475138122,0.0053,0.2829,0.1307,2.1645,40.85,0.53,59.46,0.53
"0.8",40,"Small","CITS_0.4_constant",8688,8688,0,-0.0408,-0.044,-0.0032,0.0033,7.84,0.0971,0.00147030928540402,0.623388581952118,0.0052,0.384093001841621,0.0052,0.3115,0.1503,2.0725,38.41,0.52,62.34,0.52
"0.8",40,"Small","CITS_spill_3pct",8688,8688,0,-0.0408,0.0536,0.0944,0.003,231.37,0.0888,0.00135361498838711,0.567449355432781,0.0053,0.415630755064457,0.0053,0.2826,0.1306,2.1639,41.56,0.53,56.74,0.53
"0.8",40,"Small","Trd",8688,8688,0,-0.0408,-0.0276,0.0132,0.0064,32.35,0.3556,0.00542736583833386,0.726864640883978,0.0048,0.273710865561694,0.0048,0.5962,0.3659,1.6294,27.37,0.48,72.69,0.48
"0.8",40,"Moderate","CITS",8688,8688,0,-0.3567,-0.3704,-0.0137,0.0031,3.84,0.084,0.00127926242673458,0.58609576427256,0.0053,0.686579189686924,0.005,0.2895,0.1313,2.2049,68.66,0.5,58.61,0.53
"0.8",40,"Moderate","CITS_0.4_constant",8688,8688,0,-0.3567,-0.3553,0.0014,0.0034,0.39,0.1012,0.00155543897766438,0.619475138121547,0.0052,0.612569060773481,0.0052,0.3181,0.151,2.1066,61.26,0.52,61.95,0.52
"0.8",40,"Moderate","CITS_spill_3pct",8688,8688,0,-0.3567,-0.2653,0.0914,0.0031,25.62,0.0922,0.00135587207669934,0.5625,0.0053,0.574930939226519,0.0053,0.2895,0.1314,2.2032,57.49,0.53,56.25,0.53
"0.8",40,"Moderate","Trd",8688,8688,0,-0.3567,-0.3337,0.023,0.0066,6.45,0.3804,0.00574338806119127,0.707757826887661,0.0049,0.362338858195212,0.0052,0.6164,0.3632,1.6971,36.23,0.52,70.78,0.49
"0.8",40,"Large","CITS",8688,8688,0,-0.5108,-0.5346,-0.0238,0.0031,4.66,0.0841,0.00129664661133085,0.590009208103131,0.0053,0.845649171270718,0.0039,0.289,0.1321,2.1877,84.56,0.39,59,0.53
"0.8",40,"Large","CITS_0.4_constant",8688,8688,0,-0.5108,-0.5233,-0.0125,0.0034,2.45,0.0993,0.00152329325901839,0.627302025782689,0.0052,0.777163904235727,0.0045,0.3148,0.1514,2.0793,77.72,0.45,62.73,0.52
"0.8",40,"Large","CITS_spill_3pct",8688,8688,0,-0.5108,-0.4294,0.0814,0.0031,15.94,0.0901,0.00134162281452623,0.566758747697974,0.0053,0.752762430939227,0.0046,0.2889,0.1322,2.1853,75.28,0.46,56.68,0.53
"0.8",40,"Large","Trd",8688,8688,0,-0.5108,-0.5045,0.0063,0.0066,1.23,0.3832,0.00588696165641314,0.709139042357274,0.0049,0.44267955801105,0.0053,0.6191,0.3622,1.7093,44.27,0.53,70.91,0.49
"0.8",44,"Small","CITS",8688,8688,0,-0.0408,-0.0514,-0.0106,0.0029,25.98,0.0757,0.00119366832359008,0.610382136279926,0.0052,0.398825966850829,0.0053,0.2749,0.1275,2.1561,39.88,0.53,61.04,0.52
"0.8",44,"Small","CITS_0.4_constant",8688,8688,0,-0.0408,-0.0436,-0.0028,0.0033,6.86,0.0931,0.00140646358806579,0.620395948434622,0.0052,0.384323204419889,0.0052,0.3052,0.1467,2.0804,38.43,0.52,62.04,0.52
"0.8",44,"Small","CITS_spill_3pct",8688,8688,0,-0.0408,0.0539,0.0947,0.003,232.11,0.0846,0.00127723501575794,0.574125230202578,0.0053,0.407803867403315,0.0053,0.275,0.1275,2.1569,40.78,0.53,57.41,0.53
"0.8",44,"Small","Trd",8688,8688,0,-0.0408,-0.0372,0.0036,0.0065,8.82,0.3633,0.00570111148137243,0.719613259668508,0.0048,0.283034069981584,0.0048,0.6028,0.3595,1.6768,28.3,0.48,71.96,0.48
"0.8",44,"Moderate","CITS",8688,8688,0,-0.3567,-0.3726,-0.0159,0.003,4.46,0.0781,0.00122844381117338,0.59518876611418,0.0053,0.703729281767956,0.0049,0.2791,0.1277,2.1856,70.37,0.49,59.52,0.53
"0.8",44,"Moderate","CITS_0.4_constant",8688,8688,0,-0.3567,-0.3626,-0.0059,0.0033,1.65,0.0957,0.00145485589900336,0.624539594843462,0.0052,0.626841620626151,0.0052,0.3092,0.1476,2.0949,62.68,0.52,62.45,0.52
"0.8",44,"Moderate","CITS_spill_3pct",8688,8688,0,-0.3567,-0.2676,0.0891,0.003,24.98,0.0854,0.00128075510564136,0.571132596685083,0.0053,0.58298802946593,0.0053,0.2784,0.1277,2.1801,58.3,0.53,57.11,0.53
"0.8",44,"Moderate","Trd",8688,8688,0,-0.3567,-0.3454,0.0113,0.0065,3.17,0.3678,0.00551064722091502,0.710750460405157,0.0049,0.375115101289134,0.0052,0.6064,0.3541,1.7125,37.51,0.52,71.08,0.49
"0.8",44,"Large","CITS",8688,8688,0,-0.5108,-0.5257,-0.0149,0.003,2.92,0.0763,0.00119368715316136,0.611533149171271,0.0052,0.853130755064457,0.0038,0.2758,0.1282,2.1513,85.31,0.38,61.15,0.52
"0.8",44,"Large","CITS_0.4_constant",8688,8688,0,-0.5108,-0.5209,-0.0101,0.0033,1.98,0.0934,0.00141273114943538,0.627417127071823,0.0052,0.781652854511971,0.0044,0.3055,0.1485,2.0572,78.17,0.44,62.74,0.52
"0.8",44,"Large","CITS_spill_3pct",8688,8688,0,-0.5108,-0.4205,0.0903,0.003,17.68,0.0844,0.00125330516495288,0.566758747697974,0.0053,0.751726519337017,0.0046,0.2762,0.1283,2.1528,75.17,0.46,56.68,0.53
"0.8",44,"Large","Trd",8688,8688,0,-0.5108,-0.5007,0.0101,0.0067,1.98,0.3849,0.00586064095606082,0.703268876611418,0.0049,0.447398710865562,0.0053,0.6204,0.3569,1.7383,44.74,0.53,70.33,0.49
"0.8",48,"Small","CITS",8688,8688,0,-0.0408,-0.0532,-0.0124,0.0029,30.39,0.0732,0.0011808266811653,0.607159300184162,0.0052,0.401012891344383,0.0053,0.2702,0.1246,2.1685,40.1,0.53,60.72,0.52
"0.8",48,"Small","CITS_0.4_constant",8688,8688,0,-0.0408,-0.0456,-0.0048,0.0032,11.76,0.0898,0.00137317810879594,0.632366482504604,0.0052,0.373503683241252,0.0052,0.2996,0.1446,2.0719,37.35,0.52,63.24,0.52
"0.8",48,"Small","CITS_spill_3pct",8688,8688,0,-0.0408,0.0521,0.0929,0.0029,227.7,0.082,0.00124746856076556,0.575276243093923,0.0053,0.404926335174954,0.0053,0.2709,0.1247,2.1724,40.49,0.53,57.53,0.53
"0.8",48,"Small","Trd",8688,8688,0,-0.0408,-0.0284,0.0124,0.0065,30.39,0.3633,0.0054806147202718,0.713858195211786,0.0048,0.28372467771639,0.0048,0.6027,0.3528,1.7083,28.37,0.48,71.39,0.48
"0.8",48,"Moderate","CITS",8688,8688,0,-0.3567,-0.3739,-0.0172,0.0028,4.82,0.0688,0.00107353242491502,0.613950276243094,0.0052,0.723987108655617,0.0048,0.2617,0.1237,2.1156,72.4,0.48,61.4,0.52
"0.8",48,"Moderate","CITS_0.4_constant",8688,8688,0,-0.3567,-0.3635,-0.0068,0.0032,1.91,0.0907,0.00137987126196635,0.628453038674033,0.0052,0.636164825046041,0.0052,0.3011,0.1441,2.0895,63.62,0.52,62.85,0.52
"0.8",48,"Moderate","CITS_spill_3pct",8688,8688,0,-0.3567,-0.2685,0.0882,0.0028,24.73,0.0764,0.00115945846002023,0.587937384898711,0.0053,0.595418968692449,0.0053,0.262,0.1238,2.1163,59.54,0.53,58.79,0.53
"0.8",48,"Moderate","Trd",8688,8688,0,-0.3567,-0.3429,0.0138,0.0065,3.87,0.3634,0.00557176385520019,0.705110497237569,0.0049,0.368899631675875,0.0052,0.6027,0.3464,1.7399,36.89,0.52,70.51,0.49
"0.8",48,"Large","CITS",8688,8688,0,-0.5108,-0.5256,-0.0148,0.0028,2.9,0.0703,0.00110369065464273,0.607734806629834,0.0052,0.868093922651934,0.0036,0.2647,0.1242,2.1312,86.81,0.36,60.77,0.52
"0.8",48,"Large","CITS_0.4_constant",8688,8688,0,-0.5108,-0.5158,-0.005,0.0032,0.98,0.0884,0.00135791800148857,0.635128913443831,0.0052,0.791551565377532,0.0044,0.2973,0.144,2.0646,79.16,0.44,63.51,0.52
"0.8",48,"Large","CITS_spill_3pct",8688,8688,0,-0.5108,-0.4204,0.0904,0.0028,17.7,0.0779,0.00115373995223051,0.577923572744015,0.0053,0.770718232044199,0.0045,0.2641,0.1243,2.1247,77.07,0.45,57.79,0.53
"0.8",48,"Large","Trd",8688,8688,0,-0.5108,-0.4983,0.0125,0.0066,2.45,0.381,0.00585959453610227,0.691528545119705,0.005,0.459254143646409,0.0053,0.6172,0.3461,1.7833,45.93,0.53,69.15,0.5
"0.8",52,"Small","CITS",8688,8688,0,-0.0408,-0.0535,-0.0127,0.0027,31.13,0.0638,0.000961351690114399,0.615561694290976,0.0052,0.389502762430939,0.0052,0.2522,0.1199,2.1034,38.95,0.52,61.56,0.52
"0.8",52,"Small","CITS_0.4_constant",8688,8688,0,-0.0408,-0.045,-0.0042,0.0031,10.29,0.0851,0.00128589047414504,0.62914364640884,0.0052,0.373848987108656,0.0052,0.2917,0.1409,2.0703,37.38,0.52,62.91,0.52
"0.8",52,"Small","CITS_spill_3pct",8688,8688,0,-0.0408,0.052,0.0928,0.0027,227.45,0.0722,0.0010652757037254,0.582182320441989,0.0053,0.395718232044199,0.0052,0.2522,0.1199,2.1034,39.57,0.52,58.22,0.53
"0.8",52,"Small","Trd",8688,8688,0,-0.0408,-0.0298,0.011,0.0066,26.96,0.3735,0.0057546471827836,0.7048802946593,0.0049,0.295004604051565,0.0049,0.6111,0.3506,1.743,29.5,0.49,70.49,0.49
"0.8",52,"Moderate","CITS",8688,8688,0,-0.3567,-0.373,-0.0163,0.0027,4.57,0.0634,0.000972803285128914,0.625690607734807,0.0052,0.731238489871087,0.0048,0.2512,0.1207,2.0812,73.12,0.48,62.57,0.52
"0.8",52,"Moderate","CITS_0.4_constant",8688,8688,0,-0.3567,-0.3635,-0.0068,0.0031,1.91,0.0853,0.00128519891263372,0.629719152854512,0.0052,0.644337016574586,0.0051,0.292,0.141,2.0709,64.43,0.51,62.97,0.52
"0.8",52,"Moderate","CITS_spill_3pct",8688,8688,0,-0.3567,-0.2673,0.0894,0.0027,25.06,0.0712,0.00105426412317181,0.586210865561694,0.0053,0.59231123388582,0.0053,0.2515,0.1206,2.0854,59.23,0.53,58.62,0.53
"0.8",52,"Moderate","Trd",8688,8688,0,-0.3567,-0.3455,0.0112,0.0068,3.14,0.4006,0.00615042531680335,0.685888581952118,0.005,0.39341620626151,0.0052,0.6329,0.3487,1.815,39.34,0.52,68.59,0.5
"0.8",52,"Large","CITS",8688,8688,0,-0.5108,-0.5239,-0.0131,0.0027,2.56,0.0639,0.0010017720895921,0.616252302025783,0.0052,0.880755064456722,0.0035,0.2525,0.1195,2.113,88.08,0.35,61.63,0.52
"0.8",52,"Large","CITS_0.4_constant",8688,8688,0,-0.5108,-0.5159,-0.0051,0.0031,1,0.0842,0.00128643528596794,0.635013812154696,0.0052,0.806744935543278,0.0042,0.2901,0.1407,2.0618,80.67,0.42,63.5,0.52
"0.8",52,"Large","CITS_spill_3pct",8688,8688,0,-0.5108,-0.4191,0.0917,0.0027,17.95,0.0721,0.00108404809515972,0.584829650092081,0.0053,0.783609576427256,0.0044,0.2523,0.1195,2.1113,78.36,0.44,58.48,0.53
"0.8",52,"Large","Trd",8688,8688,0,-0.5108,-0.5047,0.0061,0.0068,1.19,0.4069,0.00635403960863398,0.675759668508287,0.005,0.465354511970534,0.0054,0.6379,0.3486,1.8299,46.54,0.54,67.58,0.5
"0.8",56,"Small","CITS",8688,8688,0,-0.0408,-0.0527,-0.0119,0.0026,29.17,0.0611,0.000959234667615356,0.617633517495396,0.0052,0.396063535911602,0.0052,0.2469,0.1166,2.1175,39.61,0.52,61.76,0.52
"0.8",56,"Small","CITS_0.4_constant",8688,8688,0,-0.0408,-0.0418,-0.001,0.0031,2.45,0.0818,0.00123754398975889,0.633402394106814,0.0052,0.370280847145488,0.0052,0.286,0.1376,2.0785,37.03,0.52,63.34,0.52
"0.8",56,"Small","CITS_spill_3pct",8688,8688,0,-0.0408,0.0527,0.0935,0.0026,229.17,0.0696,0.00104231419625533,0.581261510128913,0.0053,0.396754143646409,0.0052,0.2468,0.1165,2.1185,39.68,0.52,58.13,0.53
"0.8",56,"Small","Trd",8688,8688,0,-0.0408,-0.0238,0.017,0.0067,41.67,0.3872,0.00591497730914911,0.691873848987109,0.005,0.308816758747698,0.005,0.6221,0.3477,1.7892,30.88,0.5,69.19,0.5
"0.8",56,"Moderate","CITS",8688,8688,0,-0.3567,-0.3718,-0.0151,0.0026,4.23,0.0601,0.000917127263533245,0.61671270718232,0.0052,0.738029465930018,0.0047,0.2447,0.1172,2.0879,73.8,0.47,61.67,0.52
"0.8",56,"Moderate","CITS_0.4_constant",8688,8688,0,-0.3567,-0.3618,-0.0051,0.003,1.43,0.0797,0.0011915750484996,0.632596685082873,0.0052,0.649286372007366,0.0051,0.2823,0.1378,2.0486,64.93,0.51,63.26,0.52
"0.8",56,"Moderate","CITS_spill_3pct",8688,8688,0,-0.3567,-0.2661,0.0906,0.0026,25.4,0.0679,0.00098806838351585,0.576312154696133,0.0053,0.594267955801105,0.0053,0.2444,0.1171,2.0871,59.43,0.53,57.63,0.53
"0.8",56,"Moderate","Trd",8688,8688,0,-0.3567,-0.3453,0.0114,0.0068,3.2,0.3982,0.00610891522395449,0.678982504604052,0.005,0.399976979742173,0.0053,0.631,0.3436,1.8364,40,0.53,67.9,0.5
"0.8",56,"Large","CITS",8688,8688,0,-0.5108,-0.5272,-0.0164,0.0026,3.21,0.061,0.000946380123214754,0.615216390423573,0.0052,0.893531307550645,0.0033,0.2465,0.117,2.1068,89.35,0.33,61.52,0.52
"0.8",56,"Large","CITS_0.4_constant",8688,8688,0,-0.5108,-0.5211,-0.0103,0.0031,2.02,0.0814,0.00123625659612122,0.631330570902394,0.0052,0.817334254143646,0.0041,0.2851,0.138,2.0659,81.73,0.41,63.13,0.52
"0.8",56,"Large","CITS_spill_3pct",8688,8688,0,-0.5108,-0.4217,0.0891,0.0026,17.44,0.0684,0.00100860003129905,0.584369244935543,0.0053,0.793738489871087,0.0043,0.2459,0.117,2.1017,79.37,0.43,58.44,0.53
"0.8",56,"Large","Trd",8688,8688,0,-0.5108,-0.5109,-1e-04,0.0068,0.02,0.3971,0.00610073430832605,0.684162062615101,0.005,0.466850828729282,0.0054,0.6302,0.346,1.8214,46.69,0.54,68.42,0.5
"0.8",60,"Small","CITS",8688,8688,0,-0.0408,-0.0518,-0.011,0.0025,26.96,0.0562,0.000862728175264664,0.620626151012891,0.0052,0.388581952117864,0.0052,0.2369,0.1137,2.0836,38.86,0.52,62.06,0.52
"0.8",60,"Small","CITS_0.4_constant",8688,8688,0,-0.0408,-0.0452,-0.0044,0.0029,10.78,0.0754,0.00115194149194289,0.639963167587477,0.0051,0.366597605893186,0.0052,0.2745,0.1348,2.0364,36.66,0.52,64,0.51
"0.8",60,"Small","CITS_spill_3pct",8688,8688,0,-0.0408,0.0529,0.0937,0.0025,229.66,0.0649,0.000967505457032384,0.583448434622468,0.0053,0.386740331491713,0.0052,0.2369,0.1137,2.0836,38.67,0.52,58.34,0.53
"0.8",60,"Small","Trd",8688,8688,0,-0.0408,-0.0358,0.005,0.0066,12.25,0.3815,0.00600239931540218,0.691298342541437,0.005,0.310543278084715,0.005,0.6177,0.3413,1.8098,31.05,0.5,69.13,0.5
"0.8",60,"Moderate","CITS",8688,8688,0,-0.3567,-0.3703,-0.0136,0.0025,3.81,0.056,0.000845928629279436,0.627647329650092,0.0052,0.749424493554328,0.0046,0.2364,0.1133,2.0865,74.94,0.46,62.76,0.52
"0.8",60,"Moderate","CITS_0.4_constant",8688,8688,0,-0.3567,-0.3627,-0.006,0.003,1.68,0.0781,0.00116251281814007,0.627302025782689,0.0052,0.650782688766114,0.0051,0.2793,0.1349,2.0704,65.08,0.51,62.73,0.52
"0.8",60,"Moderate","CITS_spill_3pct",8688,8688,0,-0.3567,-0.265,0.0917,0.0025,25.71,0.0643,0.000935562818382003,0.578038674033149,0.0053,0.602094843462247,0.0053,0.2363,0.1134,2.0838,60.21,0.53,57.8,0.53
"0.8",60,"Moderate","Trd",8688,8688,0,-0.3567,-0.353,0.0037,0.0067,1.04,0.393,0.00596375481139116,0.681514732965009,0.005,0.395027624309392,0.0052,0.6269,0.3432,1.8266,39.5,0.52,68.15,0.5
"0.8",60,"Large","CITS",8688,8688,0,-0.5108,-0.5249,-0.0141,0.0026,2.76,0.0575,0.0009294338960686,0.624194290976059,0.0052,0.902854511970534,0.0032,0.2394,0.1142,2.0963,90.29,0.32,62.42,0.52
"0.8",60,"Large","CITS_0.4_constant",8688,8688,0,-0.5108,-0.5153,-0.0045,0.003,0.88,0.0783,0.00119263327455444,0.635819521178637,0.0052,0.81975138121547,0.0041,0.2798,0.1357,2.0619,81.98,0.41,63.58,0.52
"0.8",60,"Large","CITS_spill_3pct",8688,8688,0,-0.5108,-0.4196,0.0912,0.0026,17.85,0.0655,0.000993394408441034,0.584369244935543,0.0053,0.810543278084715,0.0042,0.2392,0.1143,2.0927,81.05,0.42,58.44,0.53
"0.8",60,"Large","Trd",8688,8688,0,-0.5108,-0.5001,0.0107,0.0068,2.09,0.3988,0.00604150560081113,0.675184162062615,0.005,0.471915285451197,0.0054,0.6314,0.3407,1.8532,47.19,0.54,67.52,0.5
"0.8",80,"Small","CITS",8688,8688,0,-0.0408,-0.0518,-0.011,0.0022,26.96,0.0416,0.000646410512059196,0.649171270718232,0.0051,0.362914364640884,0.0052,0.2036,0.101,2.0158,36.29,0.52,64.92,0.51
"0.8",80,"Small","CITS_0.4_constant",8688,8688,0,-0.0408,-0.0426,-0.0018,0.0027,4.41,0.0612,0.000939642198085515,0.655041436464088,0.0051,0.354166666666667,0.0051,0.2474,0.1228,2.0147,35.42,0.51,65.5,0.51
"0.8",80,"Small","CITS_spill_3pct",8688,8688,0,-0.0408,0.0537,0.0945,0.0022,231.62,0.0504,0.000740830574433477,0.591620626151013,0.0053,0.371431860036832,0.0052,0.2037,0.101,2.0168,37.14,0.52,59.16,0.53
"0.8",80,"Small","Trd",8688,8688,0,-0.0408,-0.0302,0.0106,0.0064,25.98,0.3573,0.00545923556742646,0.676220073664825,0.005,0.325621546961326,0.005,0.5977,0.3189,1.8743,32.56,0.5,67.62,0.5
"0.8",80,"Moderate","CITS",8688,8688,0,-0.3567,-0.372,-0.0153,0.0022,4.29,0.0406,0.000647014486171541,0.66079650092081,0.0051,0.819060773480663,0.0041,0.201,0.1013,1.9842,81.91,0.41,66.08,0.51
"0.8",80,"Moderate","CITS_0.4_constant",8688,8688,0,-0.3567,-0.3592,-0.0025,0.0027,0.7,0.0615,0.00094936912023905,0.646639042357274,0.0051,0.700621546961326,0.0049,0.2481,0.1231,2.0154,70.06,0.49,64.66,0.51
"0.8",80,"Moderate","CITS_spill_3pct",8688,8688,0,-0.3567,-0.267,0.0897,0.0022,25.15,0.0485,0.000729458671916036,0.604972375690608,0.0052,0.654465930018416,0.0051,0.2011,0.1014,1.9832,65.45,0.51,60.5,0.52
"0.8",80,"Moderate","Trd",8688,8688,0,-0.3567,-0.3561,6e-04,0.0066,0.17,0.3784,0.00579295814185873,0.658494475138122,0.0051,0.415170349907919,0.0053,0.6152,0.3195,1.9255,41.52,0.53,65.85,0.51
"0.8",80,"Large","CITS",8688,8688,0,-0.5108,-0.5256,-0.0148,0.0022,2.9,0.0417,0.000652982615056456,0.648710865561694,0.0051,0.947859116022099,0.0024,0.2036,0.1014,2.0079,94.79,0.24,64.87,0.51
"0.8",80,"Large","CITS_0.4_constant",8688,8688,0,-0.5108,-0.5137,-0.0029,0.0027,0.57,0.0621,0.000953283703833327,0.657918968692449,0.0051,0.861878453038674,0.0037,0.2492,0.123,2.026,86.19,0.37,65.79,0.51
"0.8",80,"Large","CITS_spill_3pct",8688,8688,0,-0.5108,-0.4203,0.0905,0.0022,17.72,0.0497,0.000738740817289065,0.602325046040516,0.0053,0.868324125230203,0.0036,0.2037,0.1013,2.0109,86.83,0.36,60.23,0.53
"0.8",80,"Large","Trd",8688,8688,0,-0.5108,-0.4973,0.0135,0.0065,2.64,0.3702,0.00577928607963943,0.668623388581952,0.0051,0.484346224677716,0.0054,0.6083,0.3182,1.9117,48.43,0.54,66.86,0.51
"0.8",100,"Small","CITS",8688,8688,0,-0.0408,-0.0496,-0.0088,0.0019,21.57,0.033,0.000499666328713612,0.701197053406998,0.0049,0.31871546961326,0.005,0.1816,0.1002,1.8124,31.87,0.5,70.12,0.49
"0.8",100,"Small","CITS_0.4_constant",8688,8688,0,-0.0408,-0.0426,-0.0018,0.0024,4.41,0.0491,0.000740622713037001,0.705110497237569,0.0049,0.30421270718232,0.0049,0.2216,0.1239,1.7885,30.42,0.49,70.51,0.49
"0.8",100,"Small","CITS_spill_3pct",8688,8688,0,-0.0408,0.0555,0.0963,0.0019,236.03,0.0422,0.000616022212837309,0.635128913443831,0.0052,0.329189686924494,0.005,0.1815,0.1003,1.8096,32.92,0.5,63.51,0.52
"0.8",100,"Small","Trd",8688,8688,0,-0.0408,-0.0407,1e-04,0.006,0.25,0.3132,0.00498123552175267,0.714663904235727,0.0048,0.284530386740331,0.0048,0.5596,0.3182,1.7586,28.45,0.48,71.47,0.48
"0.8",100,"Moderate","CITS",8688,8688,0,-0.3567,-0.3731,-0.0164,0.002,4.6,0.0341,0.000514112002305268,0.689917127071823,0.005,0.838627992633518,0.0039,0.1838,0.1003,1.8325,83.86,0.39,68.99,0.5
"0.8",100,"Moderate","CITS_0.4_constant",8688,8688,0,-0.3567,-0.3655,-0.0088,0.0024,2.47,0.0507,0.000789854323974874,0.707642725598527,0.0049,0.716965930018416,0.0048,0.2249,0.1241,1.8122,71.7,0.48,70.76,0.49
"0.8",100,"Moderate","CITS_spill_3pct",8688,8688,0,-0.3567,-0.2682,0.0885,0.002,24.81,0.0416,0.000615317814775683,0.634783609576427,0.0052,0.67219152854512,0.005,0.1838,0.1003,1.8325,67.22,0.5,63.48,0.52
"0.8",100,"Moderate","Trd",8688,8688,0,-0.3567,-0.3614,-0.0047,0.0061,1.32,0.3251,0.00504260710438301,0.700276243093923,0.0049,0.396293738489871,0.0052,0.5702,0.3168,1.7999,39.63,0.52,70.03,0.49
"0.8",100,"Large","CITS",8688,8688,0,-0.5108,-0.5263,-0.0155,0.002,3.03,0.0336,0.000512796828134869,0.699240331491713,0.0049,0.966850828729282,0.0019,0.1827,0.1004,1.8197,96.69,0.19,69.92,0.49
"0.8",100,"Large","CITS_0.4_constant",8688,8688,0,-0.5108,-0.5128,-0.002,0.0024,0.39,0.0516,0.000789963790795831,0.697628913443831,0.0049,0.880985267034991,0.0035,0.2271,0.124,1.8315,88.1,0.35,69.76,0.49
"0.8",100,"Large","CITS_spill_3pct",8688,8688,0,-0.5108,-0.4211,0.0897,0.002,17.56,0.0414,0.000601088083621373,0.629604051565378,0.0052,0.89755985267035,0.0033,0.1827,0.1005,1.8179,89.76,0.33,62.96,0.52
"0.8",100,"Large","Trd",8688,8688,0,-0.5108,-0.5125,-0.0017,0.0061,0.33,0.3227,0.00490562567309679,0.694866482504604,0.0049,0.474102209944751,0.0054,0.5681,0.3175,1.7893,47.41,0.54,69.49,0.49
"0.8",150,"Small","CITS",8688,8688,0,-0.0408,-0.0502,-0.0094,0.0016,23.04,0.022,0.000325375712420975,0.711786372007366,0.0049,0.306860036832413,0.0049,0.148,0.0837,1.7682,30.69,0.49,71.18,0.49
"0.8",150,"Small","CITS_0.4_constant",8688,8688,0,-0.0408,-0.0429,-0.0021,0.002,5.15,0.035,0.000529333102265291,0.719383057090239,0.0048,0.290400552486188,0.0049,0.1871,0.1063,1.7601,29.04,0.49,71.94,0.48
"0.8",150,"Small","CITS_spill_3pct",8688,8688,0,-0.0408,0.055,0.0958,0.0016,234.8,0.0311,0.000444834647993724,0.621431860036832,0.0052,0.320441988950276,0.005,0.1482,0.0837,1.7706,32.04,0.5,62.14,0.52
"0.8",150,"Small","Trd",8688,8688,0,-0.0408,-0.0518,-0.011,0.0052,26.96,0.2353,0.00350630499664035,0.71005985267035,0.0049,0.290170349907919,0.0049,0.485,0.2759,1.7579,29.02,0.49,71.01,0.49
"0.8",150,"Moderate","CITS",8688,8688,0,-0.3567,-0.3708,-0.0141,0.0016,3.95,0.0225,0.000343784217616661,0.706491712707182,0.0049,0.915745856353591,0.003,0.1494,0.084,1.7786,91.57,0.3,70.65,0.49
"0.8",150,"Moderate","CITS_0.4_constant",8688,8688,0,-0.3567,-0.3572,-5e-04,0.002,0.14,0.0345,0.000515206777636591,0.719037753222836,0.0048,0.790745856353591,0.0044,0.1857,0.1064,1.7453,79.07,0.44,71.9,0.48
"0.8",150,"Moderate","CITS_spill_3pct",8688,8688,0,-0.3567,-0.2656,0.0911,0.0016,25.54,0.0307,0.000447264078551405,0.631790976058932,0.0052,0.757021178637201,0.0046,0.1496,0.084,1.781,75.7,0.46,63.18,0.52
"0.8",150,"Moderate","Trd",8688,8688,0,-0.3567,-0.3545,0.0022,0.0053,0.62,0.244,0.00387602275472286,0.712822283609576,0.0049,0.409185082872928,0.0053,0.494,0.2771,1.7827,40.92,0.53,71.28,0.49
"0.8",150,"Large","CITS",8688,8688,0,-0.5108,-0.5268,-0.016,0.0016,3.13,0.0224,0.000346935743320813,0.716045119705341,0.0048,0.992173112338858,9e-04,0.1489,0.0842,1.7684,99.22,0.09,71.6,0.48
"0.8",150,"Large","CITS_0.4_constant",8688,8688,0,-0.5108,-0.5123,-0.0015,0.002,0.29,0.0355,0.000545741467871764,0.72329650092081,0.0048,0.947168508287293,0.0024,0.1884,0.1066,1.7674,94.72,0.24,72.33,0.48
"0.8",150,"Large","CITS_spill_3pct",8688,8688,0,-0.5108,-0.4217,0.0891,0.0016,17.44,0.0301,0.000437606444815119,0.632941988950276,0.0052,0.960750460405157,0.0021,0.1487,0.0842,1.766,96.08,0.21,63.29,0.52
"0.8",150,"Large","Trd",8688,8688,0,-0.5108,-0.5081,0.0027,0.0053,0.53,0.2448,0.00377467511531881,0.706146408839779,0.0049,0.508862799263352,0.0054,0.4948,0.2781,1.7792,50.89,0.54,70.61,0.49
